id	SS	PromoterDistance	DistTerm	Distance	sameStrand	DownDistance	sameDownStrand	AAA	AAC	AAG	AAT	ACA	ACC	ACG	ACT	AGA	AGC	AGG	AGT	ATA	ATC	ATG	ATT	CAA	CAC	CAG	CAT	CCA	CCC	CCG	CCT	CGA	CGC	CGG	CGT	CTA	CTC	CTG	CTT	GAA	GAC	GAG	GAT	GCA	GCC	GCG	GCT	GGA	GGC	GGG	GGT	GTA	GTC	GTG	GTT	TAA	TAC	TAG	TAT	TCA	TCC	TCG	TCT	TGA	TGC	TGG	TGT	TTA	TTC	TTG	TTT	Class
Spy_sRNA93359	-25	-1000	0	-38	1	132	1	0.032258065	0.032258065	0.064516129	0	0.032258065	0	0	0.032258065	0	0.032258065	0.032258065	0.032258065	0.032258065	0.064516129	0	0.032258065	0	0	0	0	0.064516129	0	0	0	0	0	0	0.032258065	0	0	0.064516129	0.032258065	0	0	0	0.032258065	0	0	0	0.064516129	0	0	0	0	0	0	0	0.032258065	0.032258065	0	0.032258065	0.032258065	0.032258065	0	0	0	0	0	0	0.064516129	0.032258065	0	0	0.032258065	1
Spy_sRNA190336	-26.8	-2	1000	-211	0	111	1	0	0	0.038461538	0	0	0	0	0	0	0	0.038461538	0	0	0.038461538	0	0.038461538	0.038461538	0.038461538	0.076923077	0	0	0.038461538	0	0	0	0	0	0	0	0.038461538	0	0	0	0	0.038461538	0	0	0	0.038461538	0	0.076923077	0	0.038461538	0	0	0.038461538	0.076923077	0	0.038461538	0	0	0	0	0	0	0	0	0.038461538	0.038461538	0.038461538	0	0.038461538	0.038461538	0.076923077	1
Spy_sRNA195261	-58	0	1000	-230	1	1312	0	0.042553191	0.021276596	0.021276596	0	0	0.063829787	0	0	0.021276596	0	0.021276596	0	0.021276596	0	0	0	0	0.021276596	0	0.042553191	0.021276596	0.042553191	0	0.063829787	0	0	0.042553191	0	0.021276596	0	0.021276596	0.042553191	0	0	0	0	0	0	0	0	0	0	0.042553191	0.021276596	0	0	0.021276596	0.106382979	0.042553191	0	0.021276596	0	0	0.021276596	0	0.063829787	0.021276596	0	0	0	0	0.021276596	0	0.085106383	1
Spy_sRNA318404	-34.2	0	576	-55	1	22	1	0.029411765	0.029411765	0	0.029411765	0	0.058823529	0	0	0	0	0	0.029411765	0	0.029411765	0	0.029411765	0.029411765	0.029411765	0	0	0	0	0	0	0.058823529	0	0	0	0	0.029411765	0	0	0	0	0	0.029411765	0.088235294	0	0	0	0	0	0	0.029411765	0	0.029411765	0.029411765	0.058823529	0	0	0.029411765	0.029411765	0	0	0	0	0.058823529	0.029411765	0.029411765	0.029411765	0.058823529	0.029411765	0	0.058823529	1
Spy_sRNA392987	-17.6	0	0	-879	1	485	1	0	0	0	0.05	0	0	0	0.05	0	0	0.05	0.05	0.05	0	0	0.05	0	0	0	0	0	0	0	0	0	0	0	0	0.15	0.05	0	0	0	0	0	0	0.05	0	0	0	0.05	0	0	0	0.05	0.05	0	0	0	0.05	0	0.05	0	0.05	0	0	0	0	0	0	0	0	0.05	0.1	1
Spy_sRNA477741	-15.8	0	383	-29	0	296	1	0	0.0625	0.0625	0	0	0	0	0	0	0	0.0625	0	0	0	0.0625	0	0	0	0	0	0.0625	0	0	0.0625	0	0	0	0	0.0625	0	0	0	0.0625	0.0625	0	0	0	0	0.0625	0	0	0.0625	0	0.0625	0	0	0	0	0.0625	0	0	0	0.125	0	0	0	0	0	0	0	0	0	0	0.0625	1
Spy_sRNA480642	-13.3	-210	1000	-36	1	24	0	0.125	0	0	0	0	0	0	0	0.0625	0.125	0	0.0625	0	0	0	0	0.0625	0	0	0	0	0	0	0	0	0	0	0	0	0	0	0	0	0	0	0.0625	0	0	0	0.0625	0	0	0	0	0.0625	0.0625	0.0625	0.0625	0	0	0	0	0.0625	0	0	0	0	0	0	0.0625	0	0	0.0625	0	1
Spy_sRNA480696	0	-165	1000	-48	0	18	1	0.142857143	0	0	0	0.071428571	0	0	0	0.071428571	0.071428571	0	0	0	0	0	0.071428571	0	0.142857143	0	0	0	0	0	0	0	0	0	0	0	0.071428571	0.071428571	0	0	0	0	0.071428571	0	0	0	0	0	0	0	0	0	0	0	0	0.071428571	0	0	0	0.071428571	0	0	0	0	0	0	0	0.071428571	0	0	0	1
Spy_sRNA482963	-29.9	0	0	-7	1	117	1	0.041666667	0	0.020833333	0.0625	0.020833333	0.020833333	0	0.020833333	0	0.041666667	0.041666667	0.041666667	0	0.020833333	0	0.0625	0.041666667	0.041666667	0	0	0	0	0	0.020833333	0	0	0	0	0	0	0	0.041666667	0.020833333	0	0.020833333	0.041666667	0.020833333	0	0.020833333	0.041666667	0.020833333	0	0.020833333	0	0.020833333	0	0.041666667	0.020833333	0	0	0	0.020833333	0.020833333	0.020833333	0	0	0.041666667	0	0	0	0	0	0.041666667	0.020833333	1
Spy_sRNA500055	-30	0	0	-81	1	34	1	0.076923077	0	0.025641026	0.076923077	0	0	0	0	0.025641026	0.025641026	0	0.025641026	0.025641026	0	0	0.025641026	0.025641026	0	0.051282051	0	0	0	0	0	0.025641026	0	0.076923077	0	0.025641026	0	0	0.025641026	0.025641026	0.025641026	0	0	0	0.025641026	0	0	0	0	0.025641026	0.025641026	0.025641026	0.025641026	0.025641026	0	0	0.025641026	0	0	0.025641026	0	0.025641026	0	0	0	0	0	0.025641026	0.051282051	0.025641026	0.076923077	1
Spy_sRNA531081	-23.2	0	1000	-39	0	0	0	0.034482759	0	0.034482759	0	0	0.034482759	0.034482759	0.034482759	0.034482759	0.034482759	0.034482759	0	0	0	0	0.068965517	0	0	0	0	0	0	0.034482759	0.034482759	0	0.034482759	0.034482759	0	0.034482759	0.068965517	0	0	0	0	0.034482759	0	0.034482759	0	0	0.034482759	0	0	0.034482759	0	0	0	0	0.034482759	0.034482759	0.034482759	0.034482759	0	0	0	0	0	0	0	0	0	0.034482759	0	0	0.103448276	1
Spy_sRNA532788	-7.5	0	1000	-12	0	11	0	0	0	0.066666667	0.066666667	0	0	0	0.066666667	0	0	0	0	0	0	0	0.066666667	0	0	0.066666667	0.066666667	0	0	0.066666667	0.066666667	0	0	0	0	0	0	0.066666667	0	0	0	0	0	0	0	0	0.066666667	0	0.066666667	0	0	0	0.066666667	0	0	0.066666667	0	0	0	0	0	0	0.066666667	0	0	0	0	0.066666667	0	0	0	1
Spy_sRNA542268	0	-84	1000	-202	0	62	0	0	0	0	0	0	0	0	0	0	0.2	0.2	0	0	0	0	0	0	0	0.2	0	0	0	0	0	0	0	0	0.2	0	0	0	0	0	0	0	0	0	0	0	0	0	0	0.2	0	0	0	0	0	0	0	0	0	0	0	0	0	0	0	0	0	0	0	0	0	1
Spy_sRNA544833	-12.5	0	120	-60	1	167	1	0.035714286	0.035714286	0	0	0	0.035714286	0	0.035714286	0	0	0	0.035714286	0.035714286	0	0	0.035714286	0.071428571	0	0	0	0	0	0	0	0.035714286	0.035714286	0	0	0.035714286	0	0.035714286	0.035714286	0.035714286	0	0.035714286	0	0	0	0	0	0	0	0	0	0	0	0	0	0.107142857	0	0	0.035714286	0.071428571	0	0	0	0	0	0	0	0.071428571	0	0.035714286	0.107142857	1
Spy_sRNA680207	-9.9	0	17	-253	1	73	1	0.043478261	0.086956522	0	0	0	0	0	0.043478261	0.043478261	0	0.086956522	0.043478261	0.043478261	0	0.043478261	0.043478261	0	0	0	0.086956522	0	0	0	0.043478261	0	0	0.043478261	0	0	0	0.043478261	0.043478261	0	0	0	0.043478261	0	0	0	0	0	0	0	0	0	0	0.043478261	0	0.086956522	0	0	0	0.043478261	0	0	0	0	0	0	0	0	0.043478261	0	0	1
Spy_sRNA694150	-7.6	0	1000	-425	1	402	1	0.071428571	0	0.071428571	0	0.035714286	0	0	0	0.035714286	0	0.035714286	0	0.035714286	0	0.035714286	0	0.035714286	0	0	0	0	0	0	0	0.035714286	0	0	0	0	0.035714286	0	0.142857143	0	0	0.035714286	0	0	0	0	0.035714286	0	0	0	0	0.035714286	0	0.071428571	0.035714286	0.035714286	0	0.035714286	0.035714286	0.035714286	0	0	0	0	0	0	0	0.035714286	0	0.035714286	0	1
Spy_sRNA728180	0	-355	1000	0	0	0	0	0	0	0	0.2	0	0	0	0	0	0	0	0	0	0	0	0	0	0.2	0	0	0	0	0	0	0	0	0	0	0	0.2	0	0	0	0	0	0	0	0	0.2	0	0	0	0.2	0	0	0	0	0	0	0	0	0	0	0	0	0	0	0	0	0	0	0	0	0	1
Spy_sRNA779816	-28.2	0	12	-42	0	121	0	0	0	0.033333333	0	0	0	0.033333333	0.066666667	0.066666667	0	0	0.033333333	0.033333333	0	0	0.033333333	0.033333333	0	0.066666667	0	0	0	0	0.066666667	0	0.066666667	0	0	0.033333333	0	0	0	0	0	0	0.033333333	0.033333333	0	0.033333333	0.033333333	0	0.033333333	0	0	0	0	0	0.033333333	0	0	0	0	0	0	0	0	0	0	0.033333333	0	0	0	0.066666667	0.133333333	1
Spy_sRNA792465	-7.6	0	871	-379	0	25	0	0.066666667	0.066666667	0.066666667	0	0	0	0	0	0	0	0	0	0	0	0	0	0.066666667	0	0	0	0	0	0.066666667	0	0	0	0	0.066666667	0	0	0	0.066666667	0	0	0	0	0	0	0	0	0.066666667	0.066666667	0.066666667	0	0	0	0	0.066666667	0	0	0	0.066666667	0	0	0	0	0	0	0	0	0.066666667	0	0	0.133333333	1
Spy_sRNA800369	-26.3	0	0	-6	0	55	0	0	0	0.043478261	0	0.043478261	0	0	0	0	0	0	0	0	0	0	0	0	0	0	0.043478261	0	0	0	0	0.043478261	0.043478261	0	0.043478261	0.043478261	0	0.043478261	0.043478261	0.043478261	0.086956522	0.043478261	0	0.043478261	0.043478261	0	0.043478261	0	0	0	0.043478261	0	0	0	0	0	0.043478261	0	0	0	0	0	0	0.043478261	0	0.043478261	0	0.043478261	0	0	0.086956522	1
Spy_sRNA924338	0	-89	1000	0	0	0	0	0	0	0	0	0	0	0	0	0	0	0	0	0	0	0	0	0	0	0	0	0	0	0	0	0	0	0	0	0	0	0.2	0	0.2	0	0.2	0	0	0	0	0	0	0	0	0	0	0	0	0	0	0	0	0	0	0	0	0	0.2	0	0	0	0	0	0	0.2	1
Spy_sRNA930739	-45.2	0	1000	-119	1	17	1	0.017857143	0.017857143	0.017857143	0.035714286	0.017857143	0.035714286	0	0	0	0	0.017857143	0.017857143	0.035714286	0	0.071428571	0.035714286	0.035714286	0	0.017857143	0	0	0	0	0	0	0	0.017857143	0	0.017857143	0.017857143	0.035714286	0.017857143	0	0.017857143	0.017857143	0	0.017857143	0	0.017857143	0.071428571	0	0.017857143	0	0	0	0	0	0	0.017857143	0.017857143	0.017857143	0	0.017857143	0	0	0.053571429	0.017857143	0	0.017857143	0	0.071428571	0	0.035714286	0.089285714	1
Spy_sRNA1032107	0	-47	1000	0	0	0	0	0	0	0	0	0	0	0	0	0	0	0	0	0	0	0	0	0	0	0	0	0	0	0	0	0	0	0	0	0	0	0	0	0	0.6	0	0	0	0	0	0	0	0.2	0	0	0	0	0	0	0.2	0	0	0	0	0	0	0	0	0	0	0	0	0	0	0	1
Spy_sRNA1046345	-57.2	0	1000	-222	0	59	1	0	0.024096386	0.036144578	0.012048193	0.012048193	0.036144578	0.012048193	0.024096386	0.012048193	0	0.036144578	0.036144578	0	0.012048193	0	0.024096386	0.024096386	0	0.012048193	0.024096386	0	0	0.012048193	0	0	0	0.012048193	0	0	0.012048193	0.012048193	0.024096386	0.060240964	0.012048193	0.024096386	0.012048193	0.024096386	0.012048193	0	0.024096386	0.048192771	0.012048193	0.012048193	0	0	0.012048193	0.012048193	0.024096386	0.036144578	0.012048193	0	0	0.012048193	0	0.012048193	0.036144578	0.024096386	0.012048193	0	0.036144578	0.036144578	0.012048193	0	0.072289157	1
Spy_sRNA1063616	0	-96	1000	0	0	0	0	0	0	0	0	0	0.2	0	0	0	0.2	0	0	0	0	0	0	0	0	0.2	0	0	0	0	0	0	0	0	0	0	0	0	0	0	0	0	0.2	0	0	0	0	0.2	0	0	0	0	0	0	0	0	0	0	0	0	0	0	0	0	0	0	0	0	0	0	0	1
Spy_sRNA1065030	-83.64	-32	945	-97	0	297	1	0.034482759	0.00862069	0.017241379	0.017241379	0.00862069	0.00862069	0.00862069	0.025862069	0.017241379	0.017241379	0.017241379	0.025862069	0.034482759	0.00862069	0.025862069	0.017241379	0.034482759	0	0.017241379	0.017241379	0	0.00862069	0	0.025862069	0	0	0.00862069	0.00862069	0.017241379	0.00862069	0.017241379	0.025862069	0.00862069	0.051724138	0.00862069	0.00862069	0.017241379	0.00862069	0.017241379	0.00862069	0.00862069	0.017241379	0	0.017241379	0.00862069	0.00862069	0.017241379	0.025862069	0.043103448	0.025862069	0.017241379	0.025862069	0	0.017241379	0.017241379	0.00862069	0.00862069	0.00862069	0	0.043103448	0.00862069	0.00862069	0.034482759	0.017241379	1
Spy_sRNA1110925	-20.9	0	1000	-76	1	101	0	0.071428571	0	0.023809524	0	0.047619048	0	0	0.047619048	0.023809524	0.023809524	0	0	0	0	0.047619048	0.071428571	0.023809524	0	0	0.023809524	0	0	0.023809524	0	0	0	0.023809524	0	0	0	0	0.023809524	0	0.023809524	0	0	0	0	0	0	0	0	0	0	0.047619048	0.047619048	0	0.047619048	0	0.047619048	0.023809524	0	0.023809524	0	0	0.023809524	0.047619048	0	0	0.023809524	0.023809524	0.023809524	0.071428571	0.047619048	1
Spy_sRNA1126903	-58.4	0	1000	-107	1	155	1	0.032608696	0.010869565	0.02173913	0	0.02173913	0.010869565	0.02173913	0.010869565	0.010869565	0.02173913	0.010869565	0.010869565	0	0	0.010869565	0.032608696	0.010869565	0.010869565	0.010869565	0.010869565	0	0.010869565	0.010869565	0.02173913	0	0.010869565	0	0.010869565	0.032608696	0.02173913	0.010869565	0.02173913	0	0.043478261	0.010869565	0.010869565	0	0.010869565	0	0.02173913	0.02173913	0.010869565	0	0.010869565	0.02173913	0.032608696	0.010869565	0.054347826	0.02173913	0	0.02173913	0.010869565	0	0	0	0	0.032608696	0	0.032608696	0.032608696	0.054347826	0.032608696	0.032608696	0.043478261	1
Spy_sRNA1167444	-0.7	-69	1000	0	0	0	0	0.166666667	0	0	0	0.166666667	0	0	0	0	0	0	0	0	0	0	0	0	0	0	0	0.166666667	0	0	0.166666667	0	0.166666667	0	0	0	0	0	0	0	0	0	0	0	0	0	0	0	0	0.166666667	0	0	0	0	0	0	0	0	0	0	0	0	0	0	0	0	0	0	0	0	0	1
Spy_sRNA1186876	4.81	0	93	-144	0	40	1	0.076923077	0	0	0.025641026	0	0.025641026	0	0	0.025641026	0.051282051	0	0	0.025641026	0.025641026	0.025641026	0.025641026	0.025641026	0	0	0	0	0	0	0	0	0	0	0	0.025641026	0	0.025641026	0.025641026	0	0	0.025641026	0	0	0.025641026	0	0	0	0	0	0	0.051282051	0	0	0.025641026	0.025641026	0	0.025641026	0.051282051	0.051282051	0	0	0.025641026	0.025641026	0	0	0.025641026	0.076923077	0.025641026	0.051282051	0.076923077	1
Spy_sRNA1212757	-14.8	-6	1000	-36	0	190	0	0	0.071428571	0	0	0	0	0	0	0	0.071428571	0	0	0	0	0	0.142857143	0	0	0	0	0	0	0	0	0	0	0	0	0	0	0.071428571	0	0	0	0.071428571	0	0	0	0	0.071428571	0.071428571	0	0	0	0	0.071428571	0	0	0.071428571	0	0	0	0	0	0	0	0	0	0.071428571	0.071428571	0	0	0.071428571	0.071428571	1
Spy_sRNA1221370	-36.8	0	1000	-8	0	32	0	0	0	0	0.035714286	0	0	0.035714286	0	0.035714286	0.071428571	0.035714286	0	0	0	0	0.035714286	0	0	0	0	0.035714286	0	0	0	0.035714286	0.035714286	0	0	0.071428571	0.071428571	0.035714286	0	0	0.035714286	0	0	0	0	0	0	0	0	0.035714286	0	0.035714286	0	0.035714286	0	0.035714286	0.035714286	0.071428571	0	0	0.035714286	0.035714286	0	0	0	0	0	0.035714286	0	0.035714286	0.035714286	1
Spy_sRNA1222613	-11.2	-155	0	-36	0	19	1	0	0	0	0	0	0	0	0	0	0	0	0	0	0	0	0.090909091	0.090909091	0	0.090909091	0	0	0	0	0.090909091	0	0	0	0	0	0	0	0	0	0	0	0	0	0	0.090909091	0.090909091	0	0	0	0	0.090909091	0	0.090909091	0	0	0	0.090909091	0	0	0	0	0	0	0	0.090909091	0	0	0	0.090909091	0	1
Spy_sRNA1260092	-31.8	0	585	-35	1	60	0	0	0.022727273	0	0.090909091	0	0.022727273	0	0	0	0	0.090909091	0.022727273	0.022727273	0	0	0.113636364	0	0.022727273	0	0.022727273	0.022727273	0	0.022727273	0	0	0	0	0	0	0.022727273	0	0.022727273	0	0	0	0.045454545	0	0	0	0	0	0	0	0	0	0	0.022727273	0.068181818	0.045454545	0	0.022727273	0.045454545	0	0.068181818	0.022727273	0.068181818	0	0	0	0	0.045454545	0	0.022727273	0	1
Spy_sRNA1300419	-27.1	0	0	-200	1	158	0	0.076923077	0.038461538	0.038461538	0.076923077	0	0	0	0	0.038461538	0	0.038461538	0	0	0	0.038461538	0.038461538	0	0	0	0	0	0	0	0	0	0	0	0	0.038461538	0.038461538	0	0	0	0	0	0.038461538	0	0.038461538	0	0	0.038461538	0	0	0	0	0.038461538	0.038461538	0.038461538	0.076923077	0	0	0.038461538	0	0	0	0	0	0	0	0	0.076923077	0.076923077	0	0.038461538	1
Spy_sRNA1365555	-32	0	283	-327	1	0	1	0.025641026	0.025641026	0	0.025641026	0.025641026	0	0	0.025641026	0	0	0	0.025641026	0	0	0.025641026	0	0.025641026	0.025641026	0.025641026	0	0.025641026	0	0	0	0	0.025641026	0	0	0	0	0.025641026	0	0.025641026	0	0.025641026	0.025641026	0	0.025641026	0.025641026	0	0	0	0	0	0.051282051	0	0.025641026	0	0.051282051	0.025641026	0.102564103	0.025641026	0	0	0	0	0.051282051	0.076923077	0.025641026	0	0	0	0.051282051	0.051282051	1
Spy_sRNA1571135	-10.8	0	0	-139	1	62	1	0	0	0.052631579	0	0	0	0	0	0	0	0.052631579	0.052631579	0	0	0	0.157894737	0.052631579	0	0	0	0	0	0	0.052631579	0	0	0.052631579	0	0	0.052631579	0	0.052631579	0	0	0.052631579	0	0.052631579	0	0	0	0	0	0.052631579	0	0	0.052631579	0	0	0.052631579	0	0.052631579	0.052631579	0	0	0	0.052631579	0	0	0	0	0	0	0	0	1
Spy_sRNA1663522	-50.5	-10	1000	-92	1	203	1	0.044776119	0	0.029850746	0.044776119	0.029850746	0.029850746	0.029850746	0.014925373	0.014925373	0	0	0.014925373	0.014925373	0.014925373	0	0.014925373	0.014925373	0.029850746	0	0.029850746	0.014925373	0	0.014925373	0.029850746	0.014925373	0.029850746	0	0	0.044776119	0.029850746	0.044776119	0.029850746	0	0.029850746	0.014925373	0	0.029850746	0.014925373	0.014925373	0	0	0	0.029850746	0.014925373	0	0.014925373	0	0.029850746	0	0	0	0	0	0.014925373	0	0	0	0.014925373	0.029850746	0.014925373	0	0.029850746	0.029850746	0.044776119	1
Spy_sRNA1718031	-10.6	0	0	0	0	12	1	0.137931034	0	0	0	0.103448276	0	0	0	0.034482759	0	0.034482759	0.034482759	0	0	0.068965517	0	0.034482759	0	0	0	0.034482759	0	0	0	0	0	0	0	0.068965517	0.068965517	0	0	0.034482759	0	0	0.068965517	0	0	0	0.034482759	0.034482759	0	0	0	0.034482759	0	0	0	0	0.034482759	0	0.034482759	0	0	0.034482759	0	0	0	0	0	0.034482759	0.034482759	0	0	1
Spy_sRNA1721621	-23.3	0	0	-68	0	1008	1	0	0	0.047619048	0.047619048	0.023809524	0.023809524	0	0.047619048	0	0	0	0	0	0.023809524	0	0.023809524	0	0	0	0	0.023809524	0.023809524	0	0.023809524	0.047619048	0	0	0	0.023809524	0.023809524	0	0	0.023809524	0	0.023809524	0.023809524	0	0	0	0.023809524	0	0	0	0.023809524	0.047619048	0.023809524	0	0.023809524	0.071428571	0.023809524	0.023809524	0.047619048	0.047619048	0	0.023809524	0.047619048	0	0	0	0.023809524	0	0.047619048	0.023809524	0	1
Spy_sRNA1755445	-25.2	0	0	-15	0	664	0	0.047619048	0.047619048	0.047619048	0.023809524	0	0	0	0	0.071428571	0.047619048	0	0.047619048	0	0.023809524	0	0	0.047619048	0.047619048	0	0	0	0	0	0	0	0	0	0	0	0	0	0.023809524	0.023809524	0	0.023809524	0	0.071428571	0	0	0	0.023809524	0	0	0.023809524	0.023809524	0	0	0.023809524	0.047619048	0	0	0.023809524	0.071428571	0	0	0.023809524	0.047619048	0.023809524	0.023809524	0	0.023809524	0	0	0.023809524	1
Spy_sRNA1774740	0	-15	219	-146	0	1074	0	0	0.076923077	0	0	0	0	0	0	0	0.076923077	0	0	0	0	0	0	0	0	0	0	0	0	0	0	0	0	0.076923077	0	0	0	0	0.076923077	0.076923077	0	0	0	0	0	0.076923077	0	0	0	0	0.076923077	0	0	0.076923077	0.076923077	0	0	0	0	0	0	0	0	0	0	0	0.076923077	0	0	0.153846154	0.076923077	1
Spy_sRNA1775122	-26.7	0	0	-408	1	731	1	0.075	0.025	0.025	0.025	0.025	0	0.025	0	0.05	0	0.025	0	0.05	0	0	0	0.025	0	0	0.025	0.025	0	0.05	0.025	0.025	0.025	0	0.025	0	0	0	0	0	0	0	0	0.025	0.025	0	0.025	0.025	0	0	0	0.025	0	0.05	0	0	0	0	0.025	0	0	0	0.05	0	0	0.025	0	0.025	0	0.075	0.075	1
Spy_sRNA1778807	-2.72	0	1000	-29	0	132	0	0.03125	0	0.0625	0.03125	0	0	0	0	0	0	0	0	0.0625	0	0	0.03125	0.03125	0	0.03125	0	0	0.03125	0	0	0	0.03125	0	0	0	0	0	0.03125	0	0	0	0.03125	0	0.03125	0	0.03125	0	0	0	0.03125	0	0	0	0.03125	0.125	0.03125	0.03125	0	0	0	0	0	0.03125	0.03125	0.03125	0.03125	0.0625	0	0	0.09375	1
Spy_sRNA1786666	-25	-10	0	-268	1	262	0	0	0	0.071428571	0	0	0	0.035714286	0.071428571	0	0	0.035714286	0.035714286	0	0	0	0.035714286	0	0.035714286	0	0.035714286	0	0	0	0	0	0	0	0.035714286	0.035714286	0	0.035714286	0.035714286	0	0.035714286	0	0	0	0.035714286	0	0	0	0	0	0	0.035714286	0	0	0.071428571	0.107142857	0	0	0	0	0	0	0.035714286	0.035714286	0.035714286	0	0.035714286	0	0	0	0.071428571	1
Spy_sRNA1842269	-10.7	0	1000	-209	1	126	0	0.035714286	0.071428571	0.035714286	0.071428571	0	0	0	0	0.035714286	0	0	0.071428571	0.035714286	0	0.071428571	0.035714286	0.035714286	0	0	0	0	0	0	0	0	0	0	0	0.035714286	0	0	0.035714286	0.035714286	0	0.035714286	0	0	0	0	0.035714286	0	0	0	0.035714286	0	0	0.035714286	0	0	0	0.071428571	0	0	0	0	0	0	0	0.035714286	0	0.035714286	0.035714286	0.035714286	0.035714286	1
