	SS	PromoterDistance	DistTerm	Distance	sameStrand	DownDistance	sameDownStrand	AAAA	AAAC	AAAG	AAAT	AACA	AACC	AACG	AACT	AAGA	AAGC	AAGG	AAGT	AATA	AATC	AATG	AATT	ACAA	ACAC	ACAG	ACAT	ACCA	ACCC	ACCG	ACCT	ACGA	ACGC	ACGG	ACGT	ACTA	ACTC	ACTG	ACTT	AGAA	AGAC	AGAG	AGAT	AGCA	AGCC	AGCG	AGCT	AGGA	AGGC	AGGG	AGGT	AGTA	AGTC	AGTG	AGTT	ATAA	ATAC	ATAG	ATAT	ATCA	ATCC	ATCG	ATCT	ATGA	ATGC	ATGG	ATGT	ATTA	ATTC	ATTG	ATTT	CAAA	CAAC	CAAG	CAAT	CACA	CACC	CACG	CACT	CAGA	CAGC	CAGG	CAGT	CATA	CATC	CATG	CATT	CCAA	CCAC	CCAG	CCAT	CCCA	CCCC	CCCG	CCCT	CCGA	CCGC	CCGG	CCGT	CCTA	CCTC	CCTG	CCTT	CGAA	CGAC	CGAG	CGAT	CGCA	CGCC	CGCG	CGCT	CGGA	CGGC	CGGG	CGGT	CGTA	CGTC	CGTG	CGTT	CTAA	CTAC	CTAG	CTAT	CTCA	CTCC	CTCG	CTCT	CTGA	CTGC	CTGG	CTGT	CTTA	CTTC	CTTG	CTTT	GAAA	GAAC	GAAG	GAAT	GACA	GACC	GACG	GACT	GAGA	GAGC	GAGG	GAGT	GATA	GATC	GATG	GATT	GCAA	GCAC	GCAG	GCAT	GCCA	GCCC	GCCG	GCCT	GCGA	GCGC	GCGG	GCGT	GCTA	GCTC	GCTG	GCTT	GGAA	GGAC	GGAG	GGAT	GGCA	GGCC	GGCG	GGCT	GGGA	GGGC	GGGG	GGGT	GGTA	GGTC	GGTG	GGTT	GTAA	GTAC	GTAG	GTAT	GTCA	GTCC	GTCG	GTCT	GTGA	GTGC	GTGG	GTGT	GTTA	GTTC	GTTG	GTTT	TAAA	TAAC	TAAG	TAAT	TACA	TACC	TACG	TACT	TAGA	TAGC	TAGG	TAGT	TATA	TATC	TATG	TATT	TCAA	TCAC	TCAG	TCAT	TCCA	TCCC	TCCG	TCCT	TCGA	TCGC	TCGG	TCGT	TCTA	TCTC	TCTG	TCTT	TGAA	TGAC	TGAG	TGAT	TGCA	TGCC	TGCG	TGCT	TGGA	TGGC	TGGG	TGGT	TGTA	TGTC	TGTG	TGTT	TTAA	TTAC	TTAG	TTAT	TTCA	TTCC	TTCG	TTCT	TTGA	TTGC	TTGG	TTGT	TTTA	TTTC	TTTG	TTTT	Class
Spy_sRNA93359	-25.0	-1000	0	-38	1	132	1	0.0	0.0	0.010869565217391304	0.021739130434782608	0.010869565217391304	0.0	0.0	0.0	0.010869565217391304	0.0	0.0	0.010869565217391304	0.010869565217391304	0.021739130434782608	0.0	0.0	0.0	0.010869565217391304	0.010869565217391304	0.0	0.0	0.0	0.0	0.0	0.0	0.0	0.0	0.0	0.010869565217391304	0.0	0.010869565217391304	0.0	0.010869565217391304	0.0	0.0	0.010869565217391304	0.010869565217391304	0.0	0.0	0.021739130434782608	0.010869565217391304	0.0	0.0	0.0	0.0	0.010869565217391304	0.0	0.021739130434782608	0.010869565217391304	0.0	0.0	0.010869565217391304	0.010869565217391304	0.0	0.0	0.010869565217391304	0.0	0.0	0.0	0.0	0.0	0.0	0.010869565217391304	0.021739130434782608	0.0	0.0	0.0	0.010869565217391304	0.010869565217391304	0.0	0.0	0.010869565217391304	0.010869565217391304	0.010869565217391304	0.0	0.021739130434782608	0.0	0.0	0.0	0.0	0.010869565217391304	0.0	0.010869565217391304	0.0	0.0	0.0	0.0	0.0	0.0	0.0	0.0	0.0	0.0	0.0	0.0	0.0	0.0	0.0	0.0	0.0	0.0	0.0	0.0	0.0	0.0	0.0	0.0	0.0	0.0	0.010869565217391304	0.0	0.0	0.0	0.0	0.010869565217391304	0.010869565217391304	0.0	0.0	0.0	0.010869565217391304	0.021739130434782608	0.010869565217391304	0.0	0.0	0.0	0.0	0.0	0.010869565217391304	0.010869565217391304	0.010869565217391304	0.010869565217391304	0.0	0.0	0.0	0.0	0.0	0.0	0.0	0.0	0.0	0.010869565217391304	0.0	0.0	0.010869565217391304	0.0	0.0	0.010869565217391304	0.0	0.0	0.0	0.0	0.0	0.0	0.0	0.0	0.0	0.0	0.010869565217391304	0.021739130434782608	0.0	0.010869565217391304	0.0	0.0	0.0	0.0	0	0.0	0.0	0.0	0.0	0.0	0.0	0.0	0.0	0.0	0.0	0.0	0.0	0.0	0.0	0.010869565217391304	0.021739130434782608	0.010869565217391304	0.0	0.0	0.0	0.0	0.0	0.021739130434782608	0.0	0.0	0.0	0.021739130434782608	0.0	0.0	0.0	0.0	0.0	0.0	0.0	0.0	0.021739130434782608	0.010869565217391304	0.0	0.0	0.0	0.0	0.021739130434782608	0.0	0.010869565217391304	0.010869565217391304	0.0	0.021739130434782608	0.0	0.0	0.0	0.0	0.0	0.0	0.010869565217391304	0.010869565217391304	0.0	0.0	0.010869565217391304	0.010869565217391304	0.0	0.0	0.010869565217391304	0.0	0.0	0.0	0.010869565217391304	0.0	0.0	0.0	0.0	0.0	0.021739130434782608	0.0	0.0	0.010869565217391304	0.0	0.021739130434782608	0.0	0.0	0.0	0.0	0.0	0.0	0.0	0.0	0.03260869565217391	0.010869565217391304	0.0	0.021739130434782608	0.021739130434782608	1
Spy_sRNA190336	-26.8	-2	1000	-211	0	111	1	0.0	0.0	0.0	0.0	0.013157894736842105	0.0	0.0	0.0	0.0	0.013157894736842105	0.0	0.013157894736842105	0.0	0.013157894736842105	0.0	0.0	0.0	0.013157894736842105	0.0	0.0	0.0	0.0	0.0	0.0	0.0	0.0	0.0	0.0	0.0	0.0	0.0	0.013157894736842105	0.0	0.0	0.0	0.0	0.02631578947368421	0.013157894736842105	0.013157894736842105	0.0	0.013157894736842105	0.0	0.013157894736842105	0.0	0.0	0.0	0.013157894736842105	0.0	0.0	0.0	0.0	0.0	0.0	0.013157894736842105	0.0	0.0	0.0	0.0	0.0	0.0	0.0	0.0	0.0	0.013157894736842105	0.0	0.013157894736842105	0.0	0.0	0.0	0.0	0.0	0.013157894736842105	0.0	0.02631578947368421	0.013157894736842105	0.0	0.0	0.0	0.0	0.0	0.0	0.0	0.013157894736842105	0.0	0.0	0.0	0.0	0.013157894736842105	0.0	0.0	0.0	0.0	0.013157894736842105	0.0	0.0	0.0	0.0	0.0	0.0	0.013157894736842105	0.0	0.0	0.0	0.0	0.0	0.0	0.013157894736842105	0.0	0.0	0.0	0.013157894736842105	0.0	0.013157894736842105	0.0	0.0	0.0	0.0	0.0	0.0	0.013157894736842105	0.0	0.0	0.0	0.0	0.0	0.0	0.013157894736842105	0.013157894736842105	0.0	0.0	0.013157894736842105	0.013157894736842105	0.0	0.0	0.0	0.0	0.0	0.013157894736842105	0.013157894736842105	0.0	0.0	0.0	0.0	0.013157894736842105	0.013157894736842105	0.0	0.013157894736842105	0.0	0.0	0.013157894736842105	0.0	0.0	0.013157894736842105	0.0	0.0	0.013157894736842105	0.0	0.013157894736842105	0.0	0.0	0.013157894736842105	0.0	0.013157894736842105	0.0	0.0	0	0.0	0.0	0.013157894736842105	0.0	0.013157894736842105	0.02631578947368421	0.0	0.013157894736842105	0.013157894736842105	0.0	0.0	0.0	0.0	0.0	0.013157894736842105	0.0	0.0	0.0	0.013157894736842105	0.02631578947368421	0.013157894736842105	0.02631578947368421	0.0	0.0	0.0	0.0	0.0	0.0	0.013157894736842105	0.0	0.0	0.0	0.0	0.0	0.0	0.0	0.0	0.0	0.0	0.0	0.0	0.0	0.0	0.0	0.013157894736842105	0.0	0.013157894736842105	0.0	0.0	0.0	0.0	0.0	0.013157894736842105	0.0	0.0	0.0	0.0	0.013157894736842105	0.013157894736842105	0.0	0.0	0.0	0.0	0.0	0.013157894736842105	0.013157894736842105	0.0	0.0	0.013157894736842105	0.0	0.0	0.0	0.039473684210526314	0.0	0.0	0.0	0.0	0.0	0.0	0.0	0.013157894736842105	0.0	0.0	0.0	0.0	0.013157894736842105	0.0	0.013157894736842105	0.0	0.06578947368421052	1
Spy_sRNA195261	-58.0	0	1000	-230	1	1312	0	0.014492753623188406	0.014492753623188406	0.007246376811594203	0.007246376811594203	0.0	0.021739130434782608	0.0	0.0	0.0	0.007246376811594203	0.0	0.0	0.007246376811594203	0.007246376811594203	0.0	0.0	0.0	0.0	0.0	0.0	0.007246376811594203	0.0	0.014492753623188406	0.021739130434782608	0.0	0.0	0.0	0.0	0.0	0.0	0.0	0.0	0.007246376811594203	0.0	0.0	0.0	0.0	0.0	0.007246376811594203	0.0	0.0	0.0	0.0	0.021739130434782608	0.0	0.0	0.0	0.007246376811594203	0.007246376811594203	0.0	0.007246376811594203	0.0	0.0	0.007246376811594203	0.0	0.014492753623188406	0.0	0.0	0.0	0.0	0.0	0.0	0.0	0.0	0.0	0.0	0.0	0.0	0.0	0.007246376811594203	0.0	0.0	0.0	0.0	0.0	0.007246376811594203	0.007246376811594203	0.007246376811594203	0.0	0.0	0.0	0.0	0.007246376811594203	0.0	0.0	0.007246376811594203	0.0	0.028985507246376812	0.0	0.0	0.007246376811594203	0.007246376811594203	0.021739130434782608	0.007246376811594203	0.014492753623188406	0.021739130434782608	0.0	0.0	0.0	0.0	0.0	0.0	0.0	0.0	0.0	0.007246376811594203	0.0	0.007246376811594203	0.0	0.0	0.0	0.007246376811594203	0.014492753623188406	0.0	0.0	0.007246376811594203	0.0	0.014492753623188406	0.0	0.0	0.007246376811594203	0.0	0.014492753623188406	0.0	0.007246376811594203	0.007246376811594203	0.014492753623188406	0.007246376811594203	0.0	0.0	0.0	0.007246376811594203	0.0	0.007246376811594203	0.0	0.0	0.007246376811594203	0.0	0.0	0.0	0.0	0.0	0.0	0.0	0.0	0.007246376811594203	0.0	0.0	0.0	0.007246376811594203	0.0	0.0	0.0	0.0	0.007246376811594203	0.0	0.0	0.0	0.007246376811594203	0.0	0.0	0.0	0.007246376811594203	0.0	0.007246376811594203	0	0.0	0.007246376811594203	0.007246376811594203	0.007246376811594203	0.0	0.0	0.0	0.0	0.007246376811594203	0.028985507246376812	0.0	0.0	0.0	0.0	0.0	0.0	0.0	0.0	0.0	0.007246376811594203	0.0	0.0	0.014492753623188406	0.0	0.007246376811594203	0.036231884057971016	0.028985507246376812	0.007246376811594203	0.0	0.0	0.0	0.007246376811594203	0.0	0.0	0.0	0.0	0.021739130434782608	0.0	0.0	0.007246376811594203	0.0	0.0	0.0	0.0	0.0	0.007246376811594203	0.0	0.021739130434782608	0.0	0.014492753623188406	0.0	0.0	0.0	0.0	0.0	0.007246376811594203	0.0	0.014492753623188406	0.0	0.007246376811594203	0.0	0.0	0.0	0.007246376811594203	0.0	0.0	0.0	0.0	0.014492753623188406	0.007246376811594203	0.0	0.0	0.0	0.014492753623188406	0.014492753623188406	0.007246376811594203	0.014492753623188406	0.0	0.007246376811594203	0.014492753623188406	0.0	0.007246376811594203	0.0	0.0	0.007246376811594203	0.014492753623188406	0.014492753623188406	0.021739130434782608	0.0	0.021739130434782608	1
Spy_sRNA318404	-34.2	0	576	-55	1	22	1	0.0	0.010101010101010102	0.0	0.010101010101010102	0.0	0.020202020202020204	0.0	0.0	0.0	0.0	0.0	0.010101010101010102	0.0	0.010101010101010102	0.0	0.0	0.0	0.0	0.0	0.010101010101010102	0.020202020202020204	0.0	0.0	0.010101010101010102	0.0	0.0	0.0	0.0	0.0	0.010101010101010102	0.0	0.0	0.0	0.0	0.0	0.0	0.020202020202020204	0.0	0.010101010101010102	0.0	0.0	0.0	0.0	0.0	0.0	0.010101010101010102	0.010101010101010102	0.010101010101010102	0.0	0.0	0.0	0.0	0.020202020202020204	0.0	0.0	0.0	0.020202020202020204	0.0	0.0	0.0	0.0	0.010101010101010102	0.010101010101010102	0.010101010101010102	0.010101010101010102	0.010101010101010102	0.0	0.0	0.010101010101010102	0.010101010101010102	0.0	0.0	0.0	0.0	0.0	0.010101010101010102	0.0	0.010101010101010102	0.010101010101010102	0.020202020202020204	0.0	0.010101010101010102	0.0	0.010101010101010102	0.0	0.0	0.0	0.0	0.010101010101010102	0.0	0.0	0.0	0.0	0.0	0.010101010101010102	0.0	0.0	0.0	0.020202020202020204	0.0	0.0	0.0	0.0	0.0	0.0	0.0	0.0	0.0	0.0	0.0	0.0	0.010101010101010102	0.0	0.0	0.0	0.0	0.0	0.010101010101010102	0.0	0.0	0.010101010101010102	0.0	0.0	0.010101010101010102	0.0	0.0	0.0	0.0	0.0	0.0	0.0	0.0	0.0	0.0	0.0	0.010101010101010102	0.0	0.020202020202020204	0.0	0.010101010101010102	0.0	0.0	0.0	0.010101010101010102	0.0	0.0	0.010101010101010102	0.020202020202020204	0.0	0.0	0.0	0.0	0.010101010101010102	0.0	0.0	0.0	0.0	0.0	0.010101010101010102	0.0	0.0	0.0	0.0	0.0	0.0	0	0.0	0.0	0.0	0.0	0.0	0.0	0.0	0.0	0.0	0.020202020202020204	0.0	0.0	0.0	0.0	0.010101010101010102	0.0	0.0	0.0	0.0	0.0	0.010101010101010102	0.010101010101010102	0.020202020202020204	0.0	0.010101010101010102	0.030303030303030304	0.020202020202020204	0.0	0.010101010101010102	0.0	0.0	0.0	0.0	0.0	0.0	0.010101010101010102	0.0	0.0	0.0	0.0	0.010101010101010102	0.0	0.020202020202020204	0.010101010101010102	0.0	0.0	0.0	0.0	0.010101010101010102	0.0	0.0	0.0	0.0	0.010101010101010102	0.0	0.0	0.0	0.0	0.0	0.010101010101010102	0.010101010101010102	0.010101010101010102	0.0	0.0	0.0	0.010101010101010102	0.0	0.0	0.0	0.020202020202020204	0.0	0.0	0.010101010101010102	0.020202020202020204	0.030303030303030304	0.0	0.010101010101010102	0.010101010101010102	0.0	0.0	0.010101010101010102	0.0	0.0	0.010101010101010102	0.010101010101010102	0.010101010101010102	0.030303030303030304	0.0	0.010101010101010102	0.030303030303030304	1
Spy_sRNA392987	-17.6	0	0	-879	1	485	1	0.0	0.0	0.0	0.017241379310344827	0.0	0.0	0.0	0.017241379310344827	0.0	0.0	0.0	0.017241379310344827	0.017241379310344827	0.017241379310344827	0.0	0.0	0.0	0.0	0.017241379310344827	0.0	0.0	0.0	0.0	0.0	0.0	0.0	0.0	0.0	0.017241379310344827	0.017241379310344827	0.0	0.0	0.0	0.0	0.0	0.0	0.0	0.0	0.0	0.0	0.017241379310344827	0.0	0.0	0.0	0.017241379310344827	0.0	0.017241379310344827	0.0	0.017241379310344827	0.017241379310344827	0.0	0.0	0.0	0.0	0.0	0.017241379310344827	0.0	0.0	0.0	0.0	0.0	0.017241379310344827	0.0	0.017241379310344827	0.0	0.017241379310344827	0.0	0.0	0.0	0.0	0.0	0.0	0.0	0.0	0.017241379310344827	0.0	0.0	0.0	0.0	0.0	0.0	0.0	0.0	0.0	0.0	0.0	0.0	0.0	0.0	0.0	0.0	0.0	0.0	0.0	0.0	0.017241379310344827	0.0	0.0	0.0	0.0	0.017241379310344827	0.0	0.0	0.0	0.0	0.0	0.0	0.0	0.0	0.0	0.0	0.0	0.0	0.017241379310344827	0.017241379310344827	0.017241379310344827	0.0	0.0	0.0	0.034482758620689655	0.0	0.0	0.0	0.0	0.0	0.0	0.0	0.034482758620689655	0.0	0.0	0.0	0.017241379310344827	0.0	0.0	0.0	0.0	0.0	0.0	0.0	0.0	0.0	0.0	0.0	0.017241379310344827	0.017241379310344827	0.0	0.0	0.0	0.0	0.0	0.0	0.0	0.0	0.0	0.0	0.0	0.0	0.0	0.0	0.0	0.017241379310344827	0.0	0.0	0.017241379310344827	0.0	0	0.0	0.0	0.0	0.0	0.0	0.0	0.0	0.0	0.0	0.0	0.017241379310344827	0.0	0.0	0.0	0.0	0.0	0.017241379310344827	0.0	0.0	0.0	0.0	0.017241379310344827	0.0	0.0	0.0	0.0	0.017241379310344827	0.0	0.017241379310344827	0.0	0.017241379310344827	0.0	0.0	0.017241379310344827	0.0	0.0	0.0	0.017241379310344827	0.017241379310344827	0.0	0.0	0.017241379310344827	0.0	0.0	0.0	0.0	0.0	0.0	0.0	0.017241379310344827	0.0	0.017241379310344827	0.0	0.0	0.034482758620689655	0.017241379310344827	0.0	0.017241379310344827	0.0	0.0	0.0	0.0	0.0	0.0	0.0	0.0	0.0	0.0	0.0	0.0	0.0	0.017241379310344827	0.0	0.0	0.0	0.0	0.0	0.017241379310344827	0.0	0.017241379310344827	0.0	0.017241379310344827	0.0	0.0	0.0	0.017241379310344827	0.017241379310344827	0.017241379310344827	0.017241379310344827	0.034482758620689655	1
Spy_sRNA477741	-15.8	0	383	-29	0	296	1	0.021739130434782608	0.0	0.021739130434782608	0.0	0.0	0.021739130434782608	0.0	0.0	0.0	0.0	0.021739130434782608	0.0	0.0	0.0	0.0	0.0	0.0	0.0	0.021739130434782608	0.0	0.021739130434782608	0.0	0.0	0.021739130434782608	0.0	0.0	0.0	0.0	0.0	0.0	0.0	0.0	0.0	0.0	0.0	0.0	0.0	0.0	0.021739130434782608	0.0	0.021739130434782608	0.0	0.021739130434782608	0.021739130434782608	0.0	0.0	0.0	0.0	0.0	0.0	0.0	0.0	0.021739130434782608	0.0	0.0	0.0	0.0	0.0	0.0	0.021739130434782608	0.0	0.0	0.0	0.0	0.0	0.0	0.0	0.0	0.0	0.021739130434782608	0.0	0.0	0.0	0.0	0.043478260869565216	0.0	0.0	0.021739130434782608	0.0	0.0	0.0	0.0	0.021739130434782608	0.0	0.0	0.0	0.0	0.0	0.0	0.0	0.0	0.0	0.021739130434782608	0.0	0.0	0.021739130434782608	0.021739130434782608	0.0	0.0	0.021739130434782608	0.0	0.0	0.0	0.0	0.0	0.0	0.0	0.0	0.0	0.0	0.0	0.0	0.0	0.0	0.021739130434782608	0.0	0.0	0.0	0.0	0.0	0.0	0.0	0.0	0.0	0.0	0.0	0.0	0.021739130434782608	0.0	0.021739130434782608	0.0	0.0	0.021739130434782608	0.0	0.0	0.0	0.0	0.0	0.0	0.0	0.0	0.0	0.021739130434782608	0.0	0.0	0.0	0.0	0.0	0.0	0.0	0.0	0.0	0.043478260869565216	0.0	0.0	0.0	0.0	0.0	0.0	0.0	0.0	0.021739130434782608	0.0	0.0	0.0	0	0.021739130434782608	0.0	0.0	0.021739130434782608	0.021739130434782608	0.0	0.0	0.0	0.0	0.021739130434782608	0.0	0.0	0.0	0.0	0.021739130434782608	0.0	0.0	0.0	0.0	0.0	0.0	0.0	0.021739130434782608	0.0	0.0	0.0	0.021739130434782608	0.021739130434782608	0.0	0.0	0.0	0.0	0.0	0.0	0.0	0.021739130434782608	0.0	0.0	0.0	0.0	0.0	0.0	0.0	0.021739130434782608	0.0	0.021739130434782608	0.0	0.0	0.0	0.0	0.0	0.0	0.0	0.0	0.0	0.0	0.0	0.0	0.0	0.0	0.0	0.0	0.0	0.0	0.0	0.0	0.0	0.0	0.0	0.0	0.0	0.021739130434782608	0.0	0.0	0.043478260869565216	0.0	0.0	0.0	0.0	0.0	0.0	0.0	0.0	0.0	0.0	0.0	0.021739130434782608	0.0	0.0	0.021739130434782608	1
Spy_sRNA480642	-13.3	-210	1000	-36	1	24	0	0.0	0.0	0.043478260869565216	0.0	0.0	0.0	0.0	0.0	0.021739130434782608	0.021739130434782608	0.0	0.021739130434782608	0.0	0.0	0.021739130434782608	0.0	0.0	0.0	0.0	0.0	0.0	0.0	0.0	0.0	0.0	0.0	0.0	0.0	0.0	0.0	0.0	0.0	0.0	0.0	0.021739130434782608	0.021739130434782608	0.021739130434782608	0.0	0.0	0.043478260869565216	0.0	0.0	0.0	0.0	0.021739130434782608	0.0	0.043478260869565216	0.0	0.0	0.0	0.0	0.0	0.021739130434782608	0.0	0.0	0.0	0.0	0.0	0.0	0.021739130434782608	0.0	0.0	0.0	0.0	0.021739130434782608	0.0	0.0	0.021739130434782608	0.0	0.0	0.0	0.0	0.0	0.0	0.0	0.021739130434782608	0.0	0.0	0.0	0.0	0.0	0.0	0.0	0.0	0.0	0.0	0.0	0.0	0.0	0.0	0.0	0.0	0.0	0.0	0.0	0.0	0.0	0.0	0.0	0.0	0.0	0.0	0.0	0.0	0.0	0.0	0.0	0.0	0.0	0.0	0.0	0.0	0.0	0.0	0.021739130434782608	0.0	0.0	0.0	0.0	0.0	0.0	0.0	0.0	0.0	0.0	0.0	0.021739130434782608	0.0	0.0	0.0	0.0	0.0	0.0	0.0	0.0	0.0	0.021739130434782608	0.0	0.0	0.021739130434782608	0.0	0.021739130434782608	0.0	0.0	0.021739130434782608	0.0	0.0	0.0	0.0	0.0	0.0	0.0	0.0	0.0	0.0	0.0	0.021739130434782608	0.0	0.0	0.0	0.0	0.0	0.0	0.0	0.0	0	0.0	0.0	0.0	0.0	0.0	0.0	0.0	0.0	0.0	0.0	0.021739130434782608	0.0	0.0	0.0	0.021739130434782608	0.0	0.0	0.021739130434782608	0.021739130434782608	0.0	0.0	0.043478260869565216	0.021739130434782608	0.0	0.0	0.0	0.0	0.0	0.021739130434782608	0.0	0.0	0.0	0.0	0.0	0.0	0.043478260869565216	0.0	0.0	0.0	0.0	0.0	0.0	0.021739130434782608	0.0	0.021739130434782608	0.0	0.0	0.0	0.0	0.0	0.0	0.0	0.0	0.0	0.0	0.0	0.0	0.021739130434782608	0.0	0.0	0.021739130434782608	0.0	0.0	0.0	0.0	0.0	0.0	0.0	0.0	0.0	0.0	0.043478260869565216	0.021739130434782608	0.021739130434782608	0.0	0.0	0.021739130434782608	0.0	0.0	0.0	0.0	0.0	0.0	0.0	0.0	0.021739130434782608	0.0	0.0	0.0	0.0	1
Spy_sRNA480696	0.0	-165	1000	-48	0	18	1	0.1	0.0	0.025	0.0	0.025	0.0	0.0	0.0	0.025	0.025	0.0	0.0	0.0	0.0	0.0	0.0	0.025	0.05	0.0	0.025	0.0	0.0	0.0	0.0	0.0	0.0	0.0	0.0	0.0	0.025	0.025	0.0	0.0	0.025	0.0	0.0	0.0	0.0	0.0	0.025	0.0	0.0	0.0	0.0	0.0	0.0	0.0	0.0	0.0	0.0	0.0	0.0	0.0	0.0	0.0	0.025	0.0	0.0	0.0	0.0	0.0	0.0	0.025	0.0	0.0	0.0	0.025	0.0	0.025	0.0	0.0	0.025	0.0	0.0	0.0	0.0	0.0	0.0	0.0	0.025	0.0	0.0	0.0	0.0	0.0	0.0	0.0	0.0	0.0	0.0	0.0	0.0	0.0	0.0	0.0	0.0	0.0	0.0	0.0	0.0	0.0	0.0	0.0	0.0	0.0	0.0	0.0	0.0	0.0	0.0	0.0	0.0	0.025	0.0	0.0	0.0	0.025	0.0	0.0	0.025	0.025	0.0	0.0	0.0	0.025	0.0	0.0	0.0	0.0	0.0	0.0	0.0	0.05	0.0	0.0	0.0	0.0	0.0	0.0	0.0	0.0	0.025	0.0	0.0	0.0	0.0	0.0	0.0	0.0	0.0	0.0	0.0	0.0	0.0	0.0	0.0	0.025	0.0	0.0	0.0	0.0	0.0	0.0	0.0	0.0	0	0.0	0.0	0.0	0.0	0.0	0.0	0.0	0.0	0.0	0.0	0.0	0.0	0.0	0.0	0.0	0.0	0.0	0.0	0.0	0.0	0.0	0.0	0.0	0.0	0.0	0.0	0.0	0.025	0.0	0.0	0.0	0.0	0.0	0.025	0.0	0.0	0.0	0.0	0.0	0.0	0.0	0.0	0.0	0.025	0.0	0.0	0.0	0.0	0.0	0.0	0.0	0.0	0.0	0.0	0.0	0.025	0.0	0.025	0.0	0.025	0.0	0.025	0.0	0.0	0.0	0.0	0.0	0.0	0.0	0.0	0.0	0.0	0.0	0.0	0.0	0.025	0.0	0.0	0.0	0.0	0.0	0.0	0.025	0.0	0.0	0.0	0.0	0.0	0.0	0.0	1
Spy_sRNA482963	-29.9	0	0	-7	1	117	1	0.006993006993006993	0.0	0.02097902097902098	0.006993006993006993	0.0	0.0	0.0	0.0	0.0	0.02097902097902098	0.013986013986013986	0.0	0.013986013986013986	0.013986013986013986	0.006993006993006993	0.006993006993006993	0.02097902097902098	0.0	0.0	0.0	0.006993006993006993	0.0	0.0	0.006993006993006993	0.0	0.0	0.0	0.0	0.006993006993006993	0.006993006993006993	0.0	0.0	0.0	0.0	0.0	0.006993006993006993	0.006993006993006993	0.0	0.013986013986013986	0.0	0.02097902097902098	0.0	0.006993006993006993	0.0	0.006993006993006993	0.0	0.006993006993006993	0.0	0.013986013986013986	0.006993006993006993	0.0	0.006993006993006993	0.006993006993006993	0.006993006993006993	0.006993006993006993	0.006993006993006993	0.006993006993006993	0.0	0.0	0.0	0.0	0.0	0.02097902097902098	0.006993006993006993	0.013986013986013986	0.0	0.006993006993006993	0.02097902097902098	0.013986013986013986	0.0	0.0	0.006993006993006993	0.0	0.0	0.0	0.0	0.0	0.0	0.0	0.0	0.006993006993006993	0.0	0.0	0.0	0.0	0.0	0.0	0.0	0.0	0.0	0.0	0.0	0.0	0.0	0.013986013986013986	0.0	0.006993006993006993	0.0	0.0	0.006993006993006993	0.006993006993006993	0.0	0.0	0.0	0.0	0.0	0.0	0.0	0.006993006993006993	0.0	0.0	0.0	0.0	0.0	0.0	0.006993006993006993	0.0	0.0	0.0	0.006993006993006993	0.02097902097902098	0.0	0.0	0.0	0.0	0.0	0.006993006993006993	0.013986013986013986	0.013986013986013986	0.0	0.0	0.0	0.0	0.013986013986013986	0.0	0.0	0.006993006993006993	0.0	0.006993006993006993	0.006993006993006993	0.006993006993006993	0.013986013986013986	0.0	0.013986013986013986	0.006993006993006993	0.013986013986013986	0.0	0.0	0.0	0.0	0.0	0.0	0.013986013986013986	0.0	0.0	0.006993006993006993	0.0	0.0	0.006993006993006993	0.006993006993006993	0.006993006993006993	0.006993006993006993	0.013986013986013986	0.006993006993006993	0.0	0	0.0	0.006993006993006993	0.006993006993006993	0.0	0.0	0.0	0.0	0.0	0.0	0.0	0.0	0.006993006993006993	0.006993006993006993	0.0	0.0	0.0	0.0	0.0	0.006993006993006993	0.013986013986013986	0.0	0.0	0.006993006993006993	0.0	0.0	0.0	0.0	0.0	0.0	0.013986013986013986	0.006993006993006993	0.0	0.0	0.006993006993006993	0.0	0.0	0.006993006993006993	0.006993006993006993	0.006993006993006993	0.0	0.0	0.006993006993006993	0.006993006993006993	0.006993006993006993	0.0	0.0	0.0	0.0	0.0	0.006993006993006993	0.0	0.006993006993006993	0.0	0.0	0.0	0.0	0.0	0.013986013986013986	0.0	0.006993006993006993	0.013986013986013986	0.013986013986013986	0.006993006993006993	0.0	0.006993006993006993	0.006993006993006993	0.006993006993006993	0.006993006993006993	0.0	0.0	0.0	0.0	0.013986013986013986	0.006993006993006993	0.0	0.0	0.006993006993006993	0.0	0.006993006993006993	0.0	0.0	0.0	0.0	0.006993006993006993	0.013986013986013986	0.02097902097902098	0.0	0.006993006993006993	0.013986013986013986	0.013986013986013986	1
Spy_sRNA500055	-30.0	0	0	-81	1	34	1	0.017543859649122806	0.017543859649122806	0.0	0.008771929824561403	0.017543859649122806	0.0	0.0	0.0	0.008771929824561403	0.0	0.008771929824561403	0.0	0.017543859649122806	0.008771929824561403	0.0	0.008771929824561403	0.008771929824561403	0.0	0.017543859649122806	0.0	0.0	0.0	0.0	0.0	0.0	0.0	0.017543859649122806	0.0	0.0	0.0	0.0	0.008771929824561403	0.008771929824561403	0.017543859649122806	0.0	0.0	0.008771929824561403	0.008771929824561403	0.008771929824561403	0.0	0.0	0.0	0.008771929824561403	0.008771929824561403	0.008771929824561403	0.0	0.0	0.0	0.008771929824561403	0.008771929824561403	0.0	0.0	0.0	0.0	0.008771929824561403	0.008771929824561403	0.0	0.0	0.0	0.0	0.0	0.0	0.008771929824561403	0.017543859649122806	0.0	0.0	0.008771929824561403	0.017543859649122806	0.0	0.0	0.0	0.0	0.008771929824561403	0.008771929824561403	0.008771929824561403	0.0	0.0	0.0	0.0	0.0	0.0	0.0	0.0	0.0	0.0	0.0	0.0	0.0	0.0	0.0	0.008771929824561403	0.008771929824561403	0.0	0.0	0.0	0.0	0.0	0.0	0.008771929824561403	0.0	0.0	0.0	0.0	0.0	0.008771929824561403	0.008771929824561403	0.0	0.017543859649122806	0.0	0.008771929824561403	0.008771929824561403	0.0	0.0	0.0	0.008771929824561403	0.0	0.0	0.0	0.0	0.0	0.0	0.0	0.0	0.0	0.008771929824561403	0.0	0.008771929824561403	0.008771929824561403	0.008771929824561403	0.0	0.0	0.008771929824561403	0.0	0.0	0.008771929824561403	0.008771929824561403	0.008771929824561403	0.0	0.0	0.008771929824561403	0.0	0.0	0.0	0.008771929824561403	0.0	0.0	0.008771929824561403	0.0	0.0	0.0	0.008771929824561403	0.0	0.008771929824561403	0.0	0.0	0.0	0.008771929824561403	0.0	0.0	0.0	0.008771929824561403	0.0	0.008771929824561403	0.0	0.0	0	0.0	0.008771929824561403	0.008771929824561403	0.0	0.0	0.0	0.008771929824561403	0.008771929824561403	0.0	0.008771929824561403	0.0	0.008771929824561403	0.008771929824561403	0.008771929824561403	0.008771929824561403	0.0	0.0	0.008771929824561403	0.008771929824561403	0.0	0.0	0.0	0.0	0.0	0.0	0.017543859649122806	0.017543859649122806	0.0	0.008771929824561403	0.0	0.008771929824561403	0.0	0.008771929824561403	0.0	0.0	0.017543859649122806	0.0	0.0	0.0	0.008771929824561403	0.0	0.008771929824561403	0.008771929824561403	0.0	0.0	0.0	0.0	0.0	0.008771929824561403	0.0	0.0	0.0	0.008771929824561403	0.008771929824561403	0.0	0.0	0.0	0.017543859649122806	0.008771929824561403	0.0	0.0	0.008771929824561403	0.0	0.0	0.0	0.0	0.0	0.0	0.0	0.0	0.008771929824561403	0.0	0.0	0.008771929824561403	0.017543859649122806	0.0	0.0	0.008771929824561403	0.0	0.008771929824561403	0.008771929824561403	0.0	0.008771929824561403	0.0	0.0	0.017543859649122806	0.017543859649122806	0.017543859649122806	0.008771929824561403	0.017543859649122806	1
Spy_sRNA531081	-23.2	0	1000	-39	0	0	0	0.0	0.0	0.023529411764705882	0.0	0.0	0.0	0.0	0.0	0.011764705882352941	0.011764705882352941	0.0	0.011764705882352941	0.0	0.0	0.0	0.0	0.0	0.0	0.0	0.0	0.011764705882352941	0.0	0.011764705882352941	0.011764705882352941	0.0	0.011764705882352941	0.0	0.0	0.023529411764705882	0.0	0.0	0.011764705882352941	0.0	0.011764705882352941	0.011764705882352941	0.011764705882352941	0.011764705882352941	0.0	0.011764705882352941	0.0	0.0	0.0	0.0	0.011764705882352941	0.0	0.0	0.0	0.011764705882352941	0.0	0.011764705882352941	0.0	0.0	0.0	0.0	0.0	0.0	0.0	0.0	0.0	0.0	0.0	0.011764705882352941	0.0	0.011764705882352941	0.011764705882352941	0.0	0.0	0.0	0.0	0.011764705882352941	0.011764705882352941	0.0	0.0	0.0	0.011764705882352941	0.0	0.0	0.0	0.0	0.0	0.011764705882352941	0.0	0.0	0.0	0.0	0.0	0.0	0.0	0.011764705882352941	0.0	0.0	0.0	0.011764705882352941	0.011764705882352941	0.0	0.0	0.0	0.011764705882352941	0.0	0.0	0.011764705882352941	0.011764705882352941	0.0	0.011764705882352941	0.0	0.0	0.011764705882352941	0.0	0.0	0.0	0.0	0.0	0.0	0.011764705882352941	0.011764705882352941	0.011764705882352941	0.011764705882352941	0.0	0.011764705882352941	0.0	0.0	0.0	0.0	0.0	0.011764705882352941	0.0	0.0	0.011764705882352941	0.0	0.0	0.0	0.0	0.0	0.023529411764705882	0.0	0.0	0.011764705882352941	0.011764705882352941	0.0	0.0	0.0	0.0	0.0	0.011764705882352941	0.0	0.011764705882352941	0.011764705882352941	0.0	0.0	0.0	0.0	0.011764705882352941	0.0	0.0	0.011764705882352941	0.0	0.0	0.011764705882352941	0.0	0.011764705882352941	0.0	0.0	0.0	0.0	0.0	0	0.0	0.011764705882352941	0.0	0.011764705882352941	0.03529411764705882	0.0	0.0	0.0	0.0	0.011764705882352941	0.0	0.0	0.0	0.0	0.0	0.0	0.0	0.0	0.0	0.0	0.0	0.0	0.0	0.0	0.011764705882352941	0.011764705882352941	0.011764705882352941	0.0	0.0	0.0	0.0	0.0	0.0	0.03529411764705882	0.011764705882352941	0.0	0.0	0.0	0.011764705882352941	0.0	0.0	0.011764705882352941	0.0	0.011764705882352941	0.0	0.0	0.0	0.0	0.0	0.0	0.0	0.023529411764705882	0.0	0.0	0.0	0.0	0.0	0.0	0.0	0.0	0.011764705882352941	0.0	0.0	0.0	0.0	0.0	0.0	0.0	0.0	0.0	0.0	0.0	0.0	0.0	0.011764705882352941	0.011764705882352941	0.0	0.011764705882352941	0.0	0.0	0.011764705882352941	0.0	0.011764705882352941	0.0	0.0	0.0	0.023529411764705882	0.0	0.0	0.07058823529411765	1
Spy_sRNA532788	-7.5	0	1000	-12	0	11	0	0.0	0.022727272727272728	0.0	0.0	0.0	0.0	0.0	0.022727272727272728	0.022727272727272728	0.0	0.0	0.0	0.0	0.022727272727272728	0.0	0.0	0.0	0.0	0.022727272727272728	0.0	0.0	0.0	0.0	0.0	0.0	0.0	0.0	0.0	0.0	0.0	0.022727272727272728	0.0	0.022727272727272728	0.0	0.0	0.0	0.0	0.0	0.0	0.0	0.0	0.0	0.022727272727272728	0.0	0.0	0.0	0.0	0.0	0.022727272727272728	0.0	0.0	0.0	0.0	0.0	0.0	0.022727272727272728	0.0	0.0	0.0	0.0	0.0	0.0	0.0	0.022727272727272728	0.0	0.0	0.0	0.0	0.0	0.0	0.0	0.0	0.0	0.0	0.022727272727272728	0.0	0.022727272727272728	0.0	0.0	0.0	0.0	0.0	0.0	0.0	0.0	0.0	0.022727272727272728	0.0	0.0	0.0	0.0	0.022727272727272728	0.0	0.022727272727272728	0.0	0.0	0.0	0.0	0.0	0.0	0.0	0.0	0.0	0.0	0.0	0.0	0.0	0.0	0.022727272727272728	0.0	0.0	0.0	0.0	0.0	0.0	0.022727272727272728	0.022727272727272728	0.0	0.0	0.0	0.0	0.022727272727272728	0.0	0.045454545454545456	0.0	0.0	0.0	0.0	0.0	0.0	0.0	0.022727272727272728	0.0	0.0	0.0	0.0	0.0	0.0	0.0	0.0	0.0	0.0	0.0	0.0	0.0	0.0	0.0	0.0	0.0	0.0	0.0	0.0	0.0	0.0	0.0	0.0	0.022727272727272728	0.0	0.0	0.022727272727272728	0.0	0.0	0.0	0.0	0.0	0	0.0	0.022727272727272728	0.0	0.022727272727272728	0.0	0.0	0.0	0.0	0.0	0.0	0.022727272727272728	0.0	0.0	0.0	0.0	0.022727272727272728	0.0	0.022727272727272728	0.0	0.0	0.0	0.0	0.0	0.0	0.0	0.0	0.022727272727272728	0.0	0.022727272727272728	0.0	0.022727272727272728	0.0	0.0	0.0	0.0	0.0	0.0	0.0	0.0	0.0	0.0	0.022727272727272728	0.0	0.0	0.0	0.022727272727272728	0.0	0.022727272727272728	0.0	0.0	0.0	0.0	0.0	0.0	0.0	0.0	0.045454545454545456	0.0	0.0	0.0	0.0	0.0	0.0	0.0	0.0	0.022727272727272728	0.0	0.0	0.0	0.0	0.0	0.045454545454545456	0.0	0.0	0.0	0.022727272727272728	0.0	0.0	0.0	0.0	0.0	0.0	0.0	0.0	0.0	0.0	0.022727272727272728	0.0	0.0	0.022727272727272728	1
Spy_sRNA542268	0.0	-84	1000	-202	0	62	0	0.0	0.0	0.0	0.0	0.0	0.0	0.0	0.0	0.0	0.0	0.0	0.0	0.0	0.0	0.0	0.0	0.0	0.0	0.0	0.0	0.0	0.0	0.0	0.0	0.0	0.0	0.0	0.0	0.0	0.0	0.0	0.0	0.0	0.0	0.08333333333333333	0.0	0.0	0.0	0.0	0.0	0.0	0.0	0.08333333333333333	0.0	0.0	0.0	0.0	0.0	0.0	0.0	0.0	0.0	0.0	0.0	0.0	0.0	0.0	0.0	0.0	0.0	0.0	0.0	0.0	0.0	0.0	0.0	0.0	0.0	0.0	0.0	0.0	0.0	0.08333333333333333	0.0	0.0	0.0	0.0	0.0	0.0	0.0	0.0	0.0	0.0	0.0	0.0	0.0	0.0	0.0	0.0	0.0	0.0	0.0	0.0	0.0	0.0	0.0	0.0	0.0	0.0	0.0	0.0	0.0	0.0	0.0	0.0	0.0	0.0	0.0	0.08333333333333333	0.0	0.0	0.0	0.0	0.0	0.0	0.0	0.0	0.0	0.0	0.0	0.0	0.0	0.0	0.0	0.0	0.0	0.0	0.0	0.0	0.0	0.0	0.0	0.0	0.0	0.0	0.0	0.0	0.0	0.08333333333333333	0.0	0.0	0.0	0.0	0.0	0.0	0.0	0.0	0.0	0.0	0.0	0.0	0.0	0.0	0.0	0.0	0.08333333333333333	0.0	0.0	0.0	0.0	0.0	0.0	0.0	0.0	0.0	0	0.08333333333333333	0.0	0.0	0.08333333333333333	0.16666666666666666	0.0	0.0	0.0	0.0	0.0	0.0	0.0	0.08333333333333333	0.0	0.0	0.0	0.0	0.0	0.0	0.0	0.0	0.0	0.0	0.0	0.0	0.0	0.0	0.0	0.0	0.0	0.0	0.0	0.0	0.0	0.0	0.08333333333333333	0.0	0.0	0.0	0.0	0.0	0.0	0.0	0.0	0.0	0.0	0.0	0.0	0.0	0.0	0.0	0.0	0.0	0.0	0.0	0.0	0.0	0.0	0.0	0.0	0.0	0.0	0.0	0.0	0.0	0.0	0.0	0.0	0.0	0.0	0.0	0.0	0.0	0.0	0.0	0.0	0.0	0.0	0.0	0.0	0.0	0.0	0.0	0.0	0.0	0.0	0.0	0.0	0.0	0.0	1
Spy_sRNA544833	-12.5	0	120	-60	1	167	1	0.0	0.012345679012345678	0.0	0.012345679012345678	0.012345679012345678	0.012345679012345678	0.0	0.037037037037037035	0.024691358024691357	0.0	0.0	0.0	0.012345679012345678	0.012345679012345678	0.0	0.0	0.012345679012345678	0.0	0.0	0.0	0.0	0.0	0.0	0.012345679012345678	0.012345679012345678	0.0	0.0	0.0	0.024691358024691357	0.0	0.012345679012345678	0.024691358024691357	0.012345679012345678	0.0	0.012345679012345678	0.012345679012345678	0.0	0.0	0.0	0.0	0.0	0.0	0.0	0.0	0.0	0.012345679012345678	0.0	0.0	0.024691358024691357	0.0	0.0	0.0	0.024691358024691357	0.0	0.0	0.0	0.0	0.0	0.0	0.0	0.0	0.0	0.0	0.037037037037037035	0.012345679012345678	0.012345679012345678	0.012345679012345678	0.0	0.0	0.0	0.0	0.012345679012345678	0.0	0.0	0.0	0.0	0.0	0.0	0.0	0.0	0.012345679012345678	0.0	0.0	0.0	0.0	0.0	0.0	0.0	0.0	0.0	0.0	0.0	0.0	0.0	0.0	0.012345679012345678	0.0	0.0	0.0	0.012345679012345678	0.0	0.012345679012345678	0.0	0.0	0.0	0.0	0.0	0.0	0.0	0.0	0.0	0.0	0.0	0.012345679012345678	0.0	0.012345679012345678	0.0	0.0	0.0	0.0	0.012345679012345678	0.0	0.0	0.0	0.0	0.0	0.012345679012345678	0.024691358024691357	0.0	0.0	0.012345679012345678	0.0	0.0	0.0	0.0	0.012345679012345678	0.012345679012345678	0.0	0.0	0.0	0.012345679012345678	0.012345679012345678	0.0	0.0	0.0	0.0	0.0	0.0	0.012345679012345678	0.0	0.0	0.0	0.0	0.0	0.0	0.0	0.0	0.0	0.0	0.0	0.0	0.0	0.0	0.0	0.0	0	0.0	0.0	0.0	0.0	0.0	0.0	0.0	0.0	0.0	0.0	0.0	0.0	0.0	0.0	0.0	0.0	0.012345679012345678	0.0	0.0	0.0	0.0	0.0	0.012345679012345678	0.0	0.0	0.0	0.0	0.037037037037037035	0.0	0.012345679012345678	0.0	0.0	0.012345679012345678	0.0	0.0	0.0	0.0	0.012345679012345678	0.0	0.0	0.0	0.037037037037037035	0.012345679012345678	0.012345679012345678	0.0	0.0	0.0	0.0	0.0	0.0	0.0	0.012345679012345678	0.0	0.0	0.0	0.0	0.0	0.0	0.0	0.012345679012345678	0.0	0.0	0.0	0.0	0.0	0.0	0.0	0.0	0.0	0.0	0.0	0.0	0.0	0.012345679012345678	0.024691358024691357	0.0	0.012345679012345678	0.037037037037037035	0.0	0.0	0.0	0.0	0.0	0.0	0.0	0.012345679012345678	0.06172839506172839	0.0	0.0	0.037037037037037035	1
Spy_sRNA680207	-9.9	0	17	-253	1	73	1	0.04411764705882353	0.029411764705882353	0.0	0.0	0.029411764705882353	0.0	0.0	0.0	0.0	0.0	0.014705882352941176	0.0	0.0	0.0	0.0	0.014705882352941176	0.0	0.0	0.014705882352941176	0.014705882352941176	0.0	0.0	0.0	0.0	0.0	0.0	0.014705882352941176	0.0	0.0	0.0	0.0	0.014705882352941176	0.0	0.014705882352941176	0.0	0.0	0.0	0.0	0.0	0.0	0.014705882352941176	0.014705882352941176	0.0	0.0	0.0	0.014705882352941176	0.0	0.0	0.0	0.014705882352941176	0.0	0.014705882352941176	0.014705882352941176	0.0	0.0	0.0	0.014705882352941176	0.014705882352941176	0.0	0.0	0.014705882352941176	0.014705882352941176	0.0	0.0	0.0	0.0	0.014705882352941176	0.0	0.0	0.0	0.0	0.0	0.0	0.0	0.0	0.014705882352941176	0.0	0.014705882352941176	0.029411764705882353	0.0	0.0	0.0	0.0	0.0	0.0	0.0	0.0	0.0	0.0	0.0	0.0	0.0	0.0	0.0	0.014705882352941176	0.014705882352941176	0.0	0.0	0.0	0.0	0.0	0.0	0.0	0.0	0.014705882352941176	0.0	0.0	0.0	0.0	0.0	0.0	0.0	0.0	0.0	0.0	0.0	0.0	0.0	0.0	0.0	0.0	0.0	0.0	0.029411764705882353	0.014705882352941176	0.0	0.0	0.014705882352941176	0.0	0.0	0.0	0.0	0.0	0.0	0.014705882352941176	0.0	0.014705882352941176	0.0	0.014705882352941176	0.0	0.014705882352941176	0.0	0.0	0.014705882352941176	0.0	0.0	0.0	0.014705882352941176	0.0	0.0	0.0	0.0	0.0	0.0	0.0	0.0	0.0	0.0	0.014705882352941176	0.0	0.0	0.0	0.014705882352941176	0.014705882352941176	0.0	0	0.0	0.014705882352941176	0.0	0.0	0.0	0.0	0.0	0.0	0.0	0.0	0.0	0.0	0.0	0.0	0.014705882352941176	0.014705882352941176	0.0	0.0	0.014705882352941176	0.0	0.0	0.0	0.0	0.0	0.0	0.0	0.029411764705882353	0.0	0.0	0.014705882352941176	0.0	0.0	0.0	0.014705882352941176	0.0	0.0	0.0	0.0	0.0	0.0	0.0	0.014705882352941176	0.014705882352941176	0.0	0.0	0.014705882352941176	0.0	0.0	0.0	0.029411764705882353	0.0	0.0	0.0	0.0	0.0	0.0	0.0	0.0	0.0	0.0	0.014705882352941176	0.014705882352941176	0.014705882352941176	0.0	0.0	0.0	0.0	0.0	0.0	0.0	0.0	0.014705882352941176	0.014705882352941176	0.0	0.04411764705882353	0.0	0.0	0.0	0.0	0.014705882352941176	0.0	0.0	0.0	0.0	0.0	0.0	0.014705882352941176	0.0	0.0	0.0	1
Spy_sRNA694150	-7.6	0	1000	-425	1	402	1	0.04878048780487805	0.012195121951219513	0.012195121951219513	0.0	0.012195121951219513	0.0	0.0	0.012195121951219513	0.0	0.012195121951219513	0.0	0.024390243902439025	0.0	0.0	0.012195121951219513	0.0	0.0	0.0	0.012195121951219513	0.0	0.0	0.0	0.0	0.0	0.012195121951219513	0.0	0.0	0.0	0.0	0.0	0.0	0.012195121951219513	0.012195121951219513	0.0	0.012195121951219513	0.0	0.012195121951219513	0.0	0.0	0.012195121951219513	0.0	0.012195121951219513	0.0	0.0	0.012195121951219513	0.0	0.012195121951219513	0.024390243902439025	0.012195121951219513	0.012195121951219513	0.0	0.0	0.012195121951219513	0.0	0.0	0.0	0.012195121951219513	0.0	0.0	0.0	0.0	0.0	0.0	0.0	0.012195121951219513	0.0	0.012195121951219513	0.0	0.0	0.0	0.0	0.0	0.012195121951219513	0.0	0.0	0.012195121951219513	0.0	0.0	0.0	0.0	0.0	0.0	0.0	0.0	0.0	0.0	0.0	0.0	0.0	0.0	0.0	0.0	0.0	0.0	0.0	0.0	0.0	0.0	0.0	0.012195121951219513	0.0	0.0	0.0	0.0	0.0	0.0	0.0	0.0	0.0	0.0	0.0	0.0	0.0	0.0	0.0	0.0	0.012195121951219513	0.0	0.0	0.0	0.0	0.0	0.0	0.012195121951219513	0.012195121951219513	0.024390243902439025	0.0	0.012195121951219513	0.0	0.0	0.012195121951219513	0.0	0.0	0.0	0.0	0.0	0.0	0.0	0.012195121951219513	0.012195121951219513	0.0	0.012195121951219513	0.0	0.0	0.012195121951219513	0.0	0.0	0.0	0.0	0.0	0.0	0.0	0.0	0.0	0.0	0.0	0.0	0.0	0.012195121951219513	0.024390243902439025	0.0	0.0	0.0	0.0	0.0	0	0.0	0.012195121951219513	0.0	0.0	0.0	0.0	0.0	0.0	0.012195121951219513	0.0	0.024390243902439025	0.0	0.0	0.0	0.0	0.0	0.0	0.0	0.0	0.0	0.012195121951219513	0.012195121951219513	0.012195121951219513	0.0	0.012195121951219513	0.012195121951219513	0.012195121951219513	0.012195121951219513	0.0	0.012195121951219513	0.0	0.0	0.012195121951219513	0.0	0.012195121951219513	0.012195121951219513	0.0	0.0	0.024390243902439025	0.0	0.0	0.0	0.012195121951219513	0.0	0.012195121951219513	0.0	0.0	0.0	0.0	0.0	0.0	0.0	0.0	0.0	0.0	0.012195121951219513	0.0	0.012195121951219513	0.012195121951219513	0.0	0.012195121951219513	0.0	0.0	0.0	0.0	0.0	0.0	0.0	0.0	0.012195121951219513	0.012195121951219513	0.0	0.0	0.012195121951219513	0.0	0.0	0.024390243902439025	0.024390243902439025	0.0	0.0	0.0	0.024390243902439025	0.012195121951219513	0.0	0.0	0.0	0.024390243902439025	0.0	0.0	0.0	1
Spy_sRNA728180	0.0	-355	1000	0	0	0	0	0.0	0.0	0.0	0.0	0.0	0.0	0.0	0.0	0.0	0.0	0.0	0.0	0.0	0.07692307692307693	0.0	0.0	0.0	0.0	0.0	0.0	0.0	0.0	0.0	0.0	0.0	0.0	0.07692307692307693	0.0	0.0	0.0	0.0	0.0	0.0	0.0	0.0	0.0	0.0	0.0	0.0	0.0	0.0	0.0	0.0	0.0	0.0	0.0	0.0	0.0	0.0	0.0	0.0	0.0	0.0	0.0	0.0	0.07692307692307693	0.0	0.0	0.0	0.0	0.0	0.0	0.0	0.0	0.0	0.0	0.0	0.0	0.0	0.0	0.07692307692307693	0.0	0.0	0.0	0.0	0.0	0.0	0.0	0.0	0.0	0.0	0.0	0.0	0.0	0.0	0.0	0.0	0.0	0.0	0.0	0.0	0.0	0.0	0.0	0.0	0.0	0.0	0.0	0.0	0.0	0.07692307692307693	0.0	0.0	0.0	0.0	0.0	0.07692307692307693	0.0	0.0	0.0	0.0	0.0	0.0	0.0	0.0	0.0	0.07692307692307693	0.0	0.0	0.0	0.0	0.0	0.0	0.0	0.0	0.0	0.0	0.0	0.0	0.0	0.0	0.07692307692307693	0.0	0.0	0.0	0.0	0.0	0.0	0.0	0.0	0.0	0.0	0.0	0.0	0.0	0.07692307692307693	0.0	0.0	0.0	0.0	0.0	0.0	0.0	0.07692307692307693	0.0	0.0	0.0	0.0	0.0	0.0	0.07692307692307693	0.0	0.0	0.0	0.0	0	0.0	0.0	0.07692307692307693	0.0	0.0	0.0	0.0	0.0	0.0	0.0	0.0	0.0	0.0	0.0	0.0	0.0	0.0	0.0	0.0	0.0	0.0	0.0	0.0	0.0	0.0	0.0	0.0	0.0	0.0	0.0	0.0	0.0	0.0	0.0	0.0	0.0	0.0	0.0	0.0	0.0	0.0	0.0	0.0	0.0	0.0	0.0	0.0	0.0	0.0	0.0	0.0	0.0	0.0	0.0	0.0	0.07692307692307693	0.0	0.0	0.0	0.0	0.0	0.0	0.0	0.0	0.0	0.0	0.0	0.0	0.0	0.0	0.0	0.0	0.0	0.0	0.0	0.0	0.0	0.0	0.0	0.0	0.0	0.0	0.0	0.0	0.0	0.0	0.0	0.0	0.0	0.0	1
Spy_sRNA779816	-28.2	0	12	-42	0	121	0	0.0	0.011235955056179775	0.011235955056179775	0.0	0.0	0.0	0.0	0.011235955056179775	0.0	0.011235955056179775	0.0	0.0	0.0	0.0	0.0	0.0	0.0	0.0	0.0	0.0	0.0	0.0	0.0	0.011235955056179775	0.0	0.0	0.011235955056179775	0.0	0.02247191011235955	0.0	0.0	0.011235955056179775	0.0	0.011235955056179775	0.02247191011235955	0.011235955056179775	0.011235955056179775	0.0	0.011235955056179775	0.0	0.0	0.0	0.0	0.011235955056179775	0.0	0.011235955056179775	0.0	0.0	0.0	0.011235955056179775	0.0	0.0	0.0	0.0	0.0	0.0	0.0	0.0	0.0	0.0	0.0	0.0	0.0	0.02247191011235955	0.02247191011235955	0.0	0.0	0.0	0.0	0.0	0.0	0.0	0.011235955056179775	0.0	0.011235955056179775	0.0	0.0	0.0	0.0	0.0	0.011235955056179775	0.0	0.0	0.0	0.0	0.0	0.0	0.0	0.0	0.0	0.0	0.0	0.011235955056179775	0.011235955056179775	0.0	0.0	0.0	0.0	0.0	0.0	0.0	0.011235955056179775	0.011235955056179775	0.011235955056179775	0.0	0.011235955056179775	0.0	0.0	0.0	0.0	0.011235955056179775	0.0	0.0	0.011235955056179775	0.011235955056179775	0.011235955056179775	0.011235955056179775	0.0	0.011235955056179775	0.0	0.0	0.0	0.0	0.0	0.0	0.0	0.0	0.02247191011235955	0.0	0.0	0.0	0.0	0.0	0.011235955056179775	0.0	0.0	0.011235955056179775	0.011235955056179775	0.0	0.011235955056179775	0.0	0.0	0.0	0.011235955056179775	0.011235955056179775	0.0	0.011235955056179775	0.0	0.011235955056179775	0.0	0.0	0.011235955056179775	0.0	0.011235955056179775	0.0	0.011235955056179775	0.0	0.011235955056179775	0.0	0.011235955056179775	0.0	0.0	0.0	0.0	0.011235955056179775	0	0.0	0.011235955056179775	0.0	0.011235955056179775	0.011235955056179775	0.0	0.0	0.0	0.0	0.011235955056179775	0.0	0.0	0.0	0.0	0.0	0.0	0.011235955056179775	0.0	0.0	0.0	0.011235955056179775	0.0	0.0	0.0	0.0	0.011235955056179775	0.0	0.0	0.0	0.0	0.0	0.0	0.011235955056179775	0.02247191011235955	0.011235955056179775	0.0	0.0	0.0	0.011235955056179775	0.0	0.0	0.011235955056179775	0.0	0.0	0.011235955056179775	0.0	0.0	0.0	0.0	0.0	0.0	0.02247191011235955	0.0	0.0	0.0	0.0	0.0	0.0	0.0	0.0	0.011235955056179775	0.0	0.0	0.011235955056179775	0.0	0.0	0.0	0.0	0.011235955056179775	0.0	0.0	0.0	0.0	0.0	0.0	0.011235955056179775	0.0	0.011235955056179775	0.0	0.0	0.0	0.011235955056179775	0.011235955056179775	0.011235955056179775	0.0	0.0	0.02247191011235955	0.011235955056179775	0.02247191011235955	0.07865168539325842	1
Spy_sRNA792465	-7.6	0	871	-379	0	25	0	0.0	0.0	0.0	0.022727272727272728	0.0	0.022727272727272728	0.0	0.0	0.0	0.022727272727272728	0.022727272727272728	0.0	0.0	0.0	0.0	0.022727272727272728	0.0	0.0	0.0	0.0	0.022727272727272728	0.0	0.0	0.0	0.0	0.0	0.0	0.022727272727272728	0.0	0.0	0.0	0.0	0.0	0.0	0.0	0.0	0.0	0.0	0.0	0.022727272727272728	0.0	0.0	0.022727272727272728	0.0	0.0	0.0	0.0	0.0	0.0	0.0	0.0	0.0	0.0	0.0	0.0	0.0	0.0	0.0	0.022727272727272728	0.0	0.0	0.0	0.0	0.045454545454545456	0.0	0.0	0.022727272727272728	0.0	0.0	0.0	0.0	0.0	0.0	0.0	0.0	0.0	0.0	0.0	0.0	0.0	0.022727272727272728	0.0	0.0	0.0	0.0	0.0	0.0	0.0	0.0	0.0	0.0	0.022727272727272728	0.0	0.0	0.0	0.0	0.0	0.0	0.0	0.0	0.0	0.0	0.0	0.0	0.0	0.0	0.0	0.0	0.022727272727272728	0.022727272727272728	0.0	0.022727272727272728	0.0	0.0	0.0	0.0	0.0	0.0	0.0	0.0	0.0	0.0	0.0	0.0	0.022727272727272728	0.0	0.0	0.0	0.0	0.0	0.0	0.0	0.0	0.0	0.022727272727272728	0.0	0.0	0.0	0.0	0.0	0.0	0.0	0.0	0.0	0.0	0.0	0.0	0.0	0.0	0.0	0.0	0.0	0.0	0.0	0.0	0.022727272727272728	0.0	0.0	0.0	0.022727272727272728	0.0	0.022727272727272728	0.0	0.0	0.0	0	0.022727272727272728	0.0	0.0	0.022727272727272728	0.045454545454545456	0.0	0.0	0.0	0.0	0.0	0.0	0.0	0.0	0.022727272727272728	0.0	0.0	0.0	0.022727272727272728	0.0	0.0	0.0	0.0	0.0	0.022727272727272728	0.0	0.0	0.022727272727272728	0.022727272727272728	0.022727272727272728	0.0	0.0	0.0	0.0	0.0	0.0	0.0	0.0	0.0	0.0	0.0	0.022727272727272728	0.022727272727272728	0.0	0.0	0.0	0.0	0.0	0.0	0.022727272727272728	0.0	0.0	0.0	0.0	0.0	0.0	0.0	0.0	0.0	0.0	0.0	0.0	0.0	0.0	0.0	0.0	0.0	0.022727272727272728	0.0	0.0	0.0	0.0	0.0	0.0	0.0	0.06818181818181818	0.0	0.0	0.022727272727272728	0.0	0.022727272727272728	0.0	0.0	0.0	0.0	0.0	0.0	0.045454545454545456	0.0	0.0	0.0	1
Spy_sRNA800369	-26.3	0	0	-6	0	55	0	0.0	0.015151515151515152	0.0	0.0	0.015151515151515152	0.0	0.0	0.0	0.0	0.0	0.0	0.015151515151515152	0.0	0.0	0.0	0.0	0.0	0.015151515151515152	0.0	0.0	0.0	0.0	0.030303030303030304	0.0	0.0	0.0	0.015151515151515152	0.0	0.0	0.0	0.0	0.015151515151515152	0.015151515151515152	0.015151515151515152	0.015151515151515152	0.0	0.0	0.0	0.0	0.030303030303030304	0.0	0.0	0.0	0.0	0.0	0.0	0.0	0.015151515151515152	0.0	0.015151515151515152	0.0	0.0	0.0	0.0	0.0	0.0	0.0	0.015151515151515152	0.0	0.0	0.0	0.0	0.0	0.0	0.0	0.0	0.015151515151515152	0.0	0.0	0.0	0.0	0.015151515151515152	0.015151515151515152	0.0	0.0	0.0	0.0	0.0	0.015151515151515152	0.0	0.0	0.0	0.0	0.0	0.0	0.0	0.0	0.0	0.030303030303030304	0.0	0.0	0.015151515151515152	0.0	0.0	0.0	0.0	0.0	0.015151515151515152	0.015151515151515152	0.0	0.015151515151515152	0.0	0.0	0.0	0.0	0.0	0.0	0.015151515151515152	0.0	0.0	0.0	0.015151515151515152	0.0	0.0	0.015151515151515152	0.0	0.0	0.0	0.015151515151515152	0.0	0.0	0.0	0.0	0.015151515151515152	0.0	0.015151515151515152	0.0	0.0	0.015151515151515152	0.0	0.0	0.0	0.0	0.015151515151515152	0.015151515151515152	0.0	0.015151515151515152	0.015151515151515152	0.0	0.0	0.015151515151515152	0.0	0.0	0.0	0.015151515151515152	0.0	0.015151515151515152	0.0	0.0	0.0	0.015151515151515152	0.0	0.0	0.0	0.0	0.0	0.015151515151515152	0.015151515151515152	0.0	0.0	0.0	0.0	0.0	0.0	0.0	0	0.0	0.0	0.0	0.0	0.0	0.0	0.0	0.0	0.015151515151515152	0.0	0.0	0.0	0.0	0.0	0.0	0.0	0.0	0.0	0.015151515151515152	0.0	0.015151515151515152	0.0	0.0	0.0	0.0	0.030303030303030304	0.0	0.0	0.0	0.0	0.0	0.015151515151515152	0.0	0.0	0.015151515151515152	0.015151515151515152	0.0	0.0	0.0	0.0	0.0	0.0	0.0	0.0	0.0	0.015151515151515152	0.0	0.0	0.0	0.0	0.0	0.015151515151515152	0.0	0.0	0.0	0.0	0.015151515151515152	0.0	0.0	0.0	0.0	0.015151515151515152	0.015151515151515152	0.015151515151515152	0.0	0.0	0.0	0.0	0.0	0.015151515151515152	0.0	0.0	0.015151515151515152	0.0	0.0	0.0	0.015151515151515152	0.0	0.015151515151515152	0.0	0.0	0.015151515151515152	0.0	0.015151515151515152	0.0	0.0	0.015151515151515152	0.015151515151515152	0.015151515151515152	0.0	1
Spy_sRNA924338	0.0	-89	1000	0	0	0	0	0.0	0.0	0.0	0.0	0.0	0.0	0.0	0.0	0.07142857142857142	0.0	0.0	0.0	0.0	0.0	0.0	0.0	0.0	0.0	0.0	0.0	0.0	0.0	0.0	0.0	0.0	0.0	0.0	0.0	0.0	0.0	0.0	0.0	0.0	0.0	0.07142857142857142	0.0	0.0	0.0	0.0	0.07142857142857142	0.0	0.0	0.0	0.0	0.0	0.0	0.0	0.0	0.0	0.0	0.0	0.0	0.0	0.0	0.0	0.0	0.0	0.0	0.0	0.0	0.0	0.0	0.0	0.07142857142857142	0.0	0.0	0.0	0.0	0.0	0.0	0.0	0.0	0.0	0.0	0.0	0.0	0.0	0.0	0.0	0.0	0.0	0.0	0.0	0.0	0.0	0.0	0.0	0.0	0.0	0.0	0.0	0.0	0.0	0.0	0.0	0.0	0.0	0.0	0.0	0.0	0.0	0.0	0.0	0.0	0.0	0.0	0.0	0.0	0.0	0.0	0.0	0.0	0.0	0.0	0.0	0.0	0.0	0.0	0.0	0.0	0.0	0.0	0.07142857142857142	0.0	0.0	0.0	0.0	0.0	0.0	0.0	0.07142857142857142	0.0	0.0	0.0	0.0	0.0	0.0	0.07142857142857142	0.0	0.0	0.0	0.0	0.0	0.07142857142857142	0.0	0.0	0.0	0.0	0.0	0.0	0.0	0.0	0.0	0.0	0.0	0.0	0.0	0.0	0.07142857142857142	0.0	0.0	0.0	0.0	0.0	0.0	0	0.0	0.0	0.0	0.0	0.0	0.0	0.0	0.0	0.0	0.0	0.0	0.0	0.0	0.0	0.0	0.0	0.0	0.0	0.0	0.0	0.0	0.0	0.0	0.0	0.0	0.0	0.0	0.0	0.0	0.0	0.0	0.0	0.0	0.0	0.0	0.0	0.0	0.0	0.0	0.0	0.0	0.0	0.0	0.0	0.0	0.0	0.0	0.0	0.0	0.0	0.0	0.0	0.0	0.0	0.0	0.0	0.0	0.0	0.07142857142857142	0.0	0.0	0.07142857142857142	0.0	0.0	0.0	0.0	0.07142857142857142	0.0	0.0	0.0	0.0	0.0	0.0	0.0	0.0	0.0	0.0	0.0	0.0	0.0	0.0	0.0	0.07142857142857142	0.0	0.0	0.0	0.0	0.0	0.07142857142857142	0.0	1
Spy_sRNA930739	-45.2	0	1000	-119	1	17	1	0.0	0.005988023952095809	0.005988023952095809	0.0	0.005988023952095809	0.005988023952095809	0.0	0.005988023952095809	0.005988023952095809	0.005988023952095809	0.0	0.011976047904191617	0.011976047904191617	0.0	0.017964071856287425	0.011976047904191617	0.011976047904191617	0.005988023952095809	0.0	0.005988023952095809	0.0	0.0	0.0	0.011976047904191617	0.0	0.0	0.0	0.0	0.0	0.005988023952095809	0.0	0.005988023952095809	0.005988023952095809	0.005988023952095809	0.0	0.0	0.0	0.0	0.005988023952095809	0.005988023952095809	0.0	0.011976047904191617	0.0	0.0	0.005988023952095809	0.0	0.005988023952095809	0.005988023952095809	0.017964071856287425	0.005988023952095809	0.005988023952095809	0.0	0.0	0.0	0.0	0.0	0.011976047904191617	0.005988023952095809	0.0	0.005988023952095809	0.0	0.005988023952095809	0.005988023952095809	0.011976047904191617	0.005988023952095809	0.0	0.005988023952095809	0.011976047904191617	0.0	0.005988023952095809	0.0	0.0	0.0	0.005988023952095809	0.005988023952095809	0.0	0.005988023952095809	0.0	0.0	0.0	0.0	0.0	0.0	0.0	0.0	0.0	0.0	0.0	0.0	0.0	0.0	0.0	0.0	0.0	0.0	0.011976047904191617	0.0	0.0	0.0	0.0	0.005988023952095809	0.0	0.0	0.0	0.0	0.005988023952095809	0.0	0.0	0.0	0.005988023952095809	0.0	0.0	0.005988023952095809	0.005988023952095809	0.0	0.005988023952095809	0.0	0.0	0.0	0.011976047904191617	0.0	0.0	0.005988023952095809	0.005988023952095809	0.017964071856287425	0.0	0.017964071856287425	0.017964071856287425	0.005988023952095809	0.0	0.0	0.011976047904191617	0.011976047904191617	0.0	0.0	0.0	0.005988023952095809	0.0	0.0	0.0	0.0	0.0	0.0	0.0	0.005988023952095809	0.0	0.011976047904191617	0.0	0.0	0.0	0.0	0.0	0.0	0.005988023952095809	0.005988023952095809	0.005988023952095809	0.0	0.0	0.005988023952095809	0.029940119760479042	0.0	0.0	0.0	0.0	0.005988023952095809	0	0.005988023952095809	0.017964071856287425	0.0	0.0	0.0	0.0	0.0	0.0	0.0	0.005988023952095809	0.005988023952095809	0.0	0.0	0.0	0.0	0.0	0.0	0.011976047904191617	0.011976047904191617	0.0	0.0	0.0	0.0	0.0	0.0	0.011976047904191617	0.0	0.011976047904191617	0.011976047904191617	0.017964071856287425	0.005988023952095809	0.0	0.0	0.005988023952095809	0.0	0.0	0.005988023952095809	0.005988023952095809	0.005988023952095809	0.0	0.005988023952095809	0.011976047904191617	0.005988023952095809	0.0	0.0	0.0	0.0	0.0	0.0	0.0	0.0	0.0	0.0	0.0	0.017964071856287425	0.005988023952095809	0.005988023952095809	0.005988023952095809	0.011976047904191617	0.005988023952095809	0.005988023952095809	0.0	0.005988023952095809	0.0	0.005988023952095809	0.011976047904191617	0.0	0.011976047904191617	0.0	0.005988023952095809	0.0	0.005988023952095809	0.005988023952095809	0.0	0.011976047904191617	0.0	0.005988023952095809	0.017964071856287425	0.005988023952095809	0.0	0.0	0.011976047904191617	0.0	0.017964071856287425	0.011976047904191617	0.0	0.017964071856287425	0.011976047904191617	0.011976047904191617	0.029940119760479042	1
Spy_sRNA1032107	0.0	-47	1000	0	0	0	0	0.0	0.0	0.0	0.0	0.0	0.0	0.0	0.0	0.07142857142857142	0.0	0.0	0.0	0.0	0.0	0.0	0.0	0.0	0.0	0.0	0.0	0.07142857142857142	0.0	0.0	0.0	0.0	0.0	0.07142857142857142	0.0	0.07142857142857142	0.0	0.0	0.0	0.0	0.07142857142857142	0.0	0.0	0.0	0.0	0.0	0.0	0.0	0.0	0.0	0.0	0.0	0.0	0.0	0.0	0.0	0.0	0.0	0.0	0.0	0.0	0.0	0.0	0.0	0.0	0.0	0.0	0.0	0.0	0.0	0.0	0.0	0.0	0.0	0.0	0.0	0.0	0.0	0.0	0.0	0.0	0.0	0.0	0.0	0.0	0.0	0.0	0.0	0.0	0.0	0.0	0.0	0.0	0.0	0.0	0.0	0.0	0.0	0.0	0.0	0.0	0.0	0.0	0.0	0.07142857142857142	0.0	0.0	0.0	0.0	0.0	0.0	0.0	0.07142857142857142	0.0	0.0	0.0	0.0	0.0	0.0	0.07142857142857142	0.0	0.0	0.0	0.0	0.0	0.0	0.0	0.0	0.0	0.0	0.0	0.0	0.0	0.0	0.0	0.0	0.0	0.0	0.0	0.0	0.07142857142857142	0.07142857142857142	0.07142857142857142	0.0	0.0	0.0	0.0	0.0	0.0	0.0	0.0	0.0	0.0	0.0	0.0	0.0	0.0	0.0	0.0	0.07142857142857142	0.0	0.0	0.0	0.0	0.0	0.0	0.0	0.0	0.0	0.0	0.0	0.0	0	0.07142857142857142	0.0	0.0	0.0	0.0	0.0	0.0	0.0	0.0	0.0	0.0	0.0	0.0	0.0	0.0	0.0	0.0	0.0	0.0	0.0	0.0	0.0	0.0	0.0	0.0	0.0	0.0	0.0	0.07142857142857142	0.0	0.0	0.0	0.0	0.0	0.0	0.0	0.0	0.0	0.0	0.0	0.0	0.0	0.0	0.0	0.0	0.0	0.0	0.0	0.0	0.0	0.0	0.0	0.0	0.0	0.0	0.0	0.0	0.0	0.0	0.0	0.0	0.0	0.0	0.0	0.0	0.0	0.0	0.0	0.0	0.0	0.0	0.0	0.0	0.0	0.0	0.0	0.0	0.0	0.0	0.0	0.0	0.0	0.0	0.0	0.0	0.0	0.0	0.0	0.0	0.0	1
Spy_sRNA1046345	-57.2	0	1000	-222	0	59	1	0.008130081300813009	0.008130081300813009	0.0040650406504065045	0.0040650406504065045	0.008130081300813009	0.0040650406504065045	0.0040650406504065045	0.0	0.008130081300813009	0.0	0.02032520325203252	0.0040650406504065045	0.008130081300813009	0.0040650406504065045	0.0040650406504065045	0.0040650406504065045	0.0040650406504065045	0.0040650406504065045	0.008130081300813009	0.0	0.0040650406504065045	0.0	0.0040650406504065045	0.0040650406504065045	0.0	0.0	0.008130081300813009	0.0	0.0	0.0040650406504065045	0.008130081300813009	0.0040650406504065045	0.02032520325203252	0.0040650406504065045	0.0040650406504065045	0.0	0.0	0.0	0.0	0.0	0.012195121951219513	0.012195121951219513	0.0040650406504065045	0.008130081300813009	0.0	0.008130081300813009	0.0	0.012195121951219513	0.0040650406504065045	0.012195121951219513	0.0	0.0	0.0040650406504065045	0.0	0.0	0.0040650406504065045	0.0040650406504065045	0.0040650406504065045	0.0040650406504065045	0.0040650406504065045	0.008130081300813009	0.0	0.0040650406504065045	0.0040650406504065045	0.008130081300813009	0.0	0.0040650406504065045	0.0040650406504065045	0.0	0.0040650406504065045	0.0	0.0	0.008130081300813009	0.0	0.012195121951219513	0.008130081300813009	0.0040650406504065045	0.0	0.0040650406504065045	0.008130081300813009	0.0	0.0	0.0	0.0040650406504065045	0.0	0.0	0.0	0.0	0.012195121951219513	0.0	0.0	0.0	0.0	0.0	0.0	0.0040650406504065045	0.012195121951219513	0.0	0.0	0.0	0.0	0.008130081300813009	0.0	0.0	0.0040650406504065045	0.0	0.0040650406504065045	0.0	0.0	0.0	0.0	0.0	0.0	0.0	0.0	0.0	0.012195121951219513	0.0	0.0	0.008130081300813009	0.0	0.0040650406504065045	0.0040650406504065045	0.008130081300813009	0.008130081300813009	0.008130081300813009	0.0	0.0040650406504065045	0.0	0.008130081300813009	0.02032520325203252	0.008130081300813009	0.0040650406504065045	0.0040650406504065045	0.0040650406504065045	0.008130081300813009	0.012195121951219513	0.0	0.0	0.0040650406504065045	0.0	0.0	0.008130081300813009	0.0	0.008130081300813009	0.0	0.0040650406504065045	0.0040650406504065045	0.0	0.0	0.008130081300813009	0.0	0.0	0.0040650406504065045	0.0	0.0	0.0	0.0040650406504065045	0.0040650406504065045	0.0040650406504065045	0.0	0.016260162601626018	0.012195121951219513	0.0	0.012195121951219513	0	0.0040650406504065045	0.0	0.0040650406504065045	0.0040650406504065045	0.0040650406504065045	0.0	0.0040650406504065045	0.0	0.0040650406504065045	0.0	0.0040650406504065045	0.0	0.0	0.0	0.0040650406504065045	0.0	0.0	0.008130081300813009	0.0	0.0	0.0	0.008130081300813009	0.0040650406504065045	0.0040650406504065045	0.0040650406504065045	0.016260162601626018	0.008130081300813009	0.0	0.0040650406504065045	0.0040650406504065045	0.0040650406504065045	0.0	0.0	0.008130081300813009	0.0	0.0	0.0040650406504065045	0.0040650406504065045	0.0040650406504065045	0.0040650406504065045	0.0	0.0040650406504065045	0.0040650406504065045	0.0	0.016260162601626018	0.008130081300813009	0.0	0.0	0.0	0.0	0.0	0.0040650406504065045	0.0	0.0	0.0	0.012195121951219513	0.0040650406504065045	0.008130081300813009	0.0040650406504065045	0.0	0.0	0.008130081300813009	0.0040650406504065045	0.0	0.0	0.012195121951219513	0.008130081300813009	0.0	0.0	0.0	0.0	0.008130081300813009	0.0040650406504065045	0.016260162601626018	0.0040650406504065045	0.0	0.008130081300813009	0.012195121951219513	0.008130081300813009	0.0	0.0040650406504065045	0.0040650406504065045	0.008130081300813009	0.008130081300813009	0.0	0.008130081300813009	0.0040650406504065045	0.0040650406504065045	0.016260162601626018	0.04065040650406504	1
Spy_sRNA1063616	0.0	-96	1000	0	0	0	0	0.0	0.0	0.0	0.0	0.0	0.08333333333333333	0.0	0.0	0.0	0.0	0.0	0.0	0.0	0.0	0.0	0.0	0.0	0.0	0.0	0.0	0.08333333333333333	0.0	0.0	0.0	0.0	0.0	0.0	0.0	0.0	0.0	0.0	0.0	0.0	0.0	0.0	0.0	0.0	0.0	0.08333333333333333	0.0	0.0	0.0	0.0	0.0	0.0	0.0	0.0	0.0	0.0	0.0	0.0	0.0	0.08333333333333333	0.0	0.0	0.0	0.0	0.0	0.0	0.0	0.0	0.0	0.0	0.0	0.0	0.0	0.0	0.0	0.0	0.0	0.0	0.0	0.0	0.08333333333333333	0.0	0.0	0.0	0.0	0.0	0.0	0.0	0.0	0.08333333333333333	0.0	0.0	0.0	0.0	0.0	0.0	0.0	0.0	0.0	0.0	0.0	0.0	0.0	0.0	0.0	0.0	0.08333333333333333	0.0	0.0	0.0	0.0	0.0	0.0	0.0	0.0	0.0	0.0	0.0	0.0	0.0	0.0	0.0	0.0	0.0	0.0	0.0	0.0	0.0	0.0	0.0	0.0	0.0	0.0	0.0	0.0	0.0	0.08333333333333333	0.0	0.0	0.0	0.0	0.0	0.0	0.0	0.0	0.0	0.0	0.0	0.08333333333333333	0.0	0.0	0.0	0.0	0.0	0.0	0.0	0.0	0.0	0.0	0.08333333333333333	0.0	0.0	0.0	0.0	0.0	0.0	0.0	0.08333333333333333	0.0	0.0	0.0	0.0	0	0.0	0.0	0.0	0.0	0.0	0.0	0.0	0.0	0.0	0.0	0.0	0.0	0.0	0.0	0.0	0.0	0.0	0.0	0.0	0.0	0.0	0.0	0.0	0.0	0.0	0.0	0.0	0.0	0.0	0.0	0.0	0.0	0.0	0.0	0.0	0.0	0.0	0.0	0.0	0.0	0.0	0.0	0.0	0.0	0.08333333333333333	0.0	0.0	0.0	0.0	0.0	0.0	0.0	0.0	0.0	0.0	0.0	0.0	0.0	0.0	0.0	0.0	0.0	0.0	0.0	0.0	0.0	0.0	0.0	0.0	0.0	0.0	0.0	0.0	0.0	0.0	0.0	0.0	0.0	0.0	0.0	0.0	0.0	0.0	0.0	0.0	0.0	0.0	0.0	0.0	0.0	1
Spy_sRNA1065030	-83.64	-32	945	-97	0	297	1	0.017391304347826087	0.008695652173913044	0.0	0.020289855072463767	0.0	0.005797101449275362	0.0	0.008695652173913044	0.008695652173913044	0.002898550724637681	0.0	0.002898550724637681	0.011594202898550725	0.0	0.008695652173913044	0.005797101449275362	0.011594202898550725	0.0	0.002898550724637681	0.002898550724637681	0.005797101449275362	0.0	0.0	0.002898550724637681	0.002898550724637681	0.002898550724637681	0.005797101449275362	0.005797101449275362	0.002898550724637681	0.008695652173913044	0.002898550724637681	0.002898550724637681	0.002898550724637681	0.008695652173913044	0.002898550724637681	0.008695652173913044	0.002898550724637681	0.0	0.002898550724637681	0.011594202898550725	0.0	0.005797101449275362	0.0	0.002898550724637681	0.0	0.002898550724637681	0.0	0.011594202898550725	0.005797101449275362	0.002898550724637681	0.005797101449275362	0.005797101449275362	0.002898550724637681	0.0	0.002898550724637681	0.0	0.005797101449275362	0.002898550724637681	0.005797101449275362	0.011594202898550725	0.002898550724637681	0.002898550724637681	0.011594202898550725	0.0	0.014492753623188406	0.0	0.008695652173913044	0.002898550724637681	0.0	0.002898550724637681	0.0	0.0	0.002898550724637681	0.005797101449275362	0.005797101449275362	0.002898550724637681	0.002898550724637681	0.005797101449275362	0.002898550724637681	0.002898550724637681	0.0	0.002898550724637681	0.008695652173913044	0.005797101449275362	0.005797101449275362	0.0	0.0	0.0	0.0	0.0	0.0	0.0	0.005797101449275362	0.0	0.002898550724637681	0.0	0.002898550724637681	0.005797101449275362	0.0	0.0	0.002898550724637681	0.0	0.0	0.002898550724637681	0.002898550724637681	0.002898550724637681	0.0	0.002898550724637681	0.002898550724637681	0.002898550724637681	0.008695652173913044	0.0	0.005797101449275362	0.005797101449275362	0.005797101449275362	0.002898550724637681	0.002898550724637681	0.005797101449275362	0.002898550724637681	0.002898550724637681	0.0	0.005797101449275362	0.0	0.002898550724637681	0.002898550724637681	0.002898550724637681	0.005797101449275362	0.005797101449275362	0.002898550724637681	0.0	0.005797101449275362	0.0	0.011594202898550725	0.0	0.005797101449275362	0.008695652173913044	0.002898550724637681	0.0	0.002898550724637681	0.002898550724637681	0.002898550724637681	0.0	0.002898550724637681	0.008695652173913044	0.008695652173913044	0.0	0.005797101449275362	0.005797101449275362	0.002898550724637681	0.0	0.0	0.002898550724637681	0.0	0.0	0.0	0.005797101449275362	0.005797101449275362	0.002898550724637681	0.002898550724637681	0.008695652173913044	0.0	0.005797101449275362	0.0	0.002898550724637681	0.011594202898550725	0	0.0	0.002898550724637681	0.0	0.0	0.0	0.002898550724637681	0.0	0.0	0.002898550724637681	0.005797101449275362	0.002898550724637681	0.0	0.002898550724637681	0.0	0.0	0.005797101449275362	0.0	0.008695652173913044	0.005797101449275362	0.0	0.002898550724637681	0.008695652173913044	0.017391304347826087	0.002898550724637681	0.002898550724637681	0.011594202898550725	0.011594202898550725	0.005797101449275362	0.0	0.002898550724637681	0.005797101449275362	0.0	0.011594202898550725	0.0	0.008695652173913044	0.008695652173913044	0.0	0.005797101449275362	0.002898550724637681	0.0	0.011594202898550725	0.0	0.005797101449275362	0.0	0.0	0.0	0.002898550724637681	0.005797101449275362	0.0	0.002898550724637681	0.005797101449275362	0.002898550724637681	0.002898550724637681	0.002898550724637681	0.005797101449275362	0.002898550724637681	0.0	0.005797101449275362	0.002898550724637681	0.005797101449275362	0.005797101449275362	0.002898550724637681	0.002898550724637681	0.005797101449275362	0.002898550724637681	0.005797101449275362	0.005797101449275362	0.005797101449275362	0.002898550724637681	0.0	0.002898550724637681	0.008695652173913044	0.005797101449275362	0.017391304347826087	0.005797101449275362	0.008695652173913044	0.008695652173913044	0.005797101449275362	0.0	0.0	0.008695652173913044	0.002898550724637681	0.005797101449275362	0.008695652173913044	0.005797101449275362	0.008695652173913044	0.005797101449275362	0.002898550724637681	0.008695652173913044	0.002898550724637681	1
Spy_sRNA1110925	-20.9	0	1000	-76	1	101	0	0.0	0.008130081300813009	0.016260162601626018	0.008130081300813009	0.024390243902439025	0.0	0.0	0.008130081300813009	0.008130081300813009	0.008130081300813009	0.0	0.016260162601626018	0.008130081300813009	0.0	0.0	0.008130081300813009	0.008130081300813009	0.0	0.008130081300813009	0.008130081300813009	0.0	0.0	0.0	0.0	0.0	0.0	0.0	0.0	0.008130081300813009	0.0	0.0	0.032520325203252036	0.0	0.0	0.016260162601626018	0.0	0.008130081300813009	0.0	0.0	0.0	0.0	0.0	0.0	0.0	0.008130081300813009	0.016260162601626018	0.008130081300813009	0.008130081300813009	0.0	0.008130081300813009	0.0	0.0	0.0	0.0	0.0	0.008130081300813009	0.008130081300813009	0.0	0.008130081300813009	0.008130081300813009	0.016260162601626018	0.0	0.0	0.008130081300813009	0.0	0.0	0.008130081300813009	0.008130081300813009	0.0	0.0	0.0	0.0	0.0	0.0	0.0	0.008130081300813009	0.0	0.008130081300813009	0.016260162601626018	0.0	0.008130081300813009	0.0	0.0	0.0	0.0	0.0	0.0	0.0	0.0	0.0	0.0	0.008130081300813009	0.0	0.0	0.0	0.0	0.0	0.0	0.0	0.0	0.0	0.0	0.0	0.0	0.008130081300813009	0.0	0.0	0.0	0.0	0.0	0.008130081300813009	0.0	0.0	0.008130081300813009	0.0	0.0	0.0	0.0	0.0	0.008130081300813009	0.0	0.0	0.0	0.0	0.016260162601626018	0.0	0.016260162601626018	0.016260162601626018	0.008130081300813009	0.008130081300813009	0.008130081300813009	0.0	0.0	0.0	0.0	0.016260162601626018	0.008130081300813009	0.0	0.0	0.008130081300813009	0.0	0.0	0.008130081300813009	0.0	0.0	0.0	0.0	0.008130081300813009	0.0	0.0	0.0	0.0	0.0	0.0	0.008130081300813009	0.0	0.0	0.0	0.0	0.0	0.0	0.016260162601626018	0.0	0.0	0.0	0	0.0	0.0	0.0	0.0	0.0	0.0	0.0	0.0	0.0	0.0	0.016260162601626018	0.0	0.0	0.0	0.008130081300813009	0.0	0.0	0.008130081300813009	0.016260162601626018	0.0	0.0	0.0	0.0	0.008130081300813009	0.0	0.016260162601626018	0.024390243902439025	0.016260162601626018	0.0	0.0	0.0	0.0	0.0	0.016260162601626018	0.0	0.0	0.0	0.008130081300813009	0.0	0.0	0.0	0.016260162601626018	0.0	0.0	0.0	0.008130081300813009	0.008130081300813009	0.0	0.008130081300813009	0.0	0.0	0.0	0.0	0.0	0.0	0.008130081300813009	0.0	0.016260162601626018	0.024390243902439025	0.0	0.0	0.008130081300813009	0.0	0.0	0.008130081300813009	0.0	0.008130081300813009	0.0	0.0	0.0	0.0	0.008130081300813009	0.0	0.016260162601626018	0.024390243902439025	0.0	0.008130081300813009	0.016260162601626018	0.0	0.016260162601626018	0.0	0.0	0.008130081300813009	0.008130081300813009	0.0	0.016260162601626018	0.016260162601626018	0.008130081300813009	0.016260162601626018	0.032520325203252036	1
Spy_sRNA1126903	-58.4	0	1000	-107	1	155	1	0.003663003663003663	0.003663003663003663	0.0	0.007326007326007326	0.007326007326007326	0.003663003663003663	0.007326007326007326	0.007326007326007326	0.003663003663003663	0.0	0.007326007326007326	0.003663003663003663	0.0	0.0	0.007326007326007326	0.003663003663003663	0.003663003663003663	0.0	0.003663003663003663	0.007326007326007326	0.0	0.0	0.007326007326007326	0.0	0.003663003663003663	0.007326007326007326	0.003663003663003663	0.003663003663003663	0.01098901098901099	0.003663003663003663	0.003663003663003663	0.007326007326007326	0.0	0.014652014652014652	0.0	0.003663003663003663	0.0	0.003663003663003663	0.0	0.01098901098901099	0.003663003663003663	0.003663003663003663	0.0	0.003663003663003663	0.003663003663003663	0.007326007326007326	0.0	0.007326007326007326	0.003663003663003663	0.0	0.0	0.0	0.0	0.003663003663003663	0.0	0.0	0.0	0.0	0.003663003663003663	0.003663003663003663	0.007326007326007326	0.007326007326007326	0.01098901098901099	0.007326007326007326	0.0	0.007326007326007326	0.003663003663003663	0.0	0.0	0.0	0.0	0.003663003663003663	0.003663003663003663	0.0	0.0	0.003663003663003663	0.0	0.003663003663003663	0.0	0.007326007326007326	0.0	0.003663003663003663	0.0	0.0	0.0	0.0	0.003663003663003663	0.003663003663003663	0.003663003663003663	0.0	0.003663003663003663	0.003663003663003663	0.0	0.003663003663003663	0.0	0.007326007326007326	0.003663003663003663	0.0	0.0	0.003663003663003663	0.0	0.0	0.0	0.007326007326007326	0.003663003663003663	0.0	0.0	0.003663003663003663	0.003663003663003663	0.003663003663003663	0.0	0.007326007326007326	0.01098901098901099	0.0	0.018315018315018316	0.003663003663003663	0.007326007326007326	0.003663003663003663	0.0	0.003663003663003663	0.003663003663003663	0.0	0.003663003663003663	0.003663003663003663	0.007326007326007326	0.007326007326007326	0.0	0.01098901098901099	0.003663003663003663	0.007326007326007326	0.0	0.0	0.007326007326007326	0.003663003663003663	0.01098901098901099	0.007326007326007326	0.007326007326007326	0.0	0.0	0.003663003663003663	0.003663003663003663	0.0	0.0	0.01098901098901099	0.0	0.0	0.0	0.0	0.003663003663003663	0.0	0.0	0.003663003663003663	0.0	0.0	0.0	0.0	0.018315018315018316	0.0	0.0	0.003663003663003663	0.003663003663003663	0.007326007326007326	0.003663003663003663	0.003663003663003663	0.0	0	0.0	0.003663003663003663	0.003663003663003663	0.0	0.003663003663003663	0.0	0.0	0.003663003663003663	0.007326007326007326	0.007326007326007326	0.01098901098901099	0.0	0.0	0.0	0.003663003663003663	0.003663003663003663	0.003663003663003663	0.01098901098901099	0.003663003663003663	0.0	0.007326007326007326	0.0	0.007326007326007326	0.003663003663003663	0.018315018315018316	0.007326007326007326	0.007326007326007326	0.007326007326007326	0.01098901098901099	0.003663003663003663	0.0	0.0	0.0	0.007326007326007326	0.0	0.014652014652014652	0.003663003663003663	0.007326007326007326	0.0	0.0	0.0	0.01098901098901099	0.007326007326007326	0.0	0.003663003663003663	0.003663003663003663	0.0	0.007326007326007326	0.0	0.003663003663003663	0.0	0.0	0.0	0.007326007326007326	0.003663003663003663	0.007326007326007326	0.007326007326007326	0.007326007326007326	0.003663003663003663	0.007326007326007326	0.007326007326007326	0.003663003663003663	0.0	0.003663003663003663	0.0	0.0	0.007326007326007326	0.003663003663003663	0.003663003663003663	0.01098901098901099	0.003663003663003663	0.007326007326007326	0.003663003663003663	0.014652014652014652	0.003663003663003663	0.007326007326007326	0.007326007326007326	0.007326007326007326	0.003663003663003663	0.0	0.003663003663003663	0.01098901098901099	0.014652014652014652	0.003663003663003663	0.01098901098901099	0.02197802197802198	0.003663003663003663	0.0	0.02197802197802198	0.014652014652014652	1
Spy_sRNA1167444	-0.7	-69	1000	0	0	0	0	0.0	0.0	0.06666666666666667	0.0	0.0	0.0	0.0	0.0	0.0	0.0	0.06666666666666667	0.0	0.0	0.0	0.0	0.0	0.0	0.0	0.0	0.0	0.0	0.0	0.0	0.06666666666666667	0.0	0.0	0.0	0.0	0.0	0.0	0.0	0.0	0.0	0.0	0.0	0.0	0.0	0.0	0.0	0.0	0.0	0.0	0.06666666666666667	0.0	0.0	0.0	0.0	0.0	0.0	0.0	0.0	0.0	0.0	0.0	0.0	0.0	0.0	0.0	0.0	0.0	0.0	0.0	0.0	0.0	0.0	0.0	0.0	0.0	0.0	0.06666666666666667	0.0	0.0	0.0	0.0	0.0	0.0	0.0	0.0	0.0	0.0	0.0	0.06666666666666667	0.0	0.0	0.06666666666666667	0.0	0.0	0.0	0.0	0.0	0.0	0.0	0.06666666666666667	0.0	0.0	0.0	0.0	0.0	0.0	0.0	0.0	0.06666666666666667	0.0	0.0	0.0	0.0	0.0	0.0	0.0	0.0	0.0	0.0	0.0	0.06666666666666667	0.0	0.0	0.0	0.0	0.0	0.0	0.0	0.0	0.0	0.0	0.0	0.0	0.0	0.0	0.0	0.0	0.0	0.0	0.0	0.0	0.0	0.0	0.0	0.0	0.0	0.0	0.0	0.0	0.0	0.0	0.0	0.0	0.0	0.0	0.0	0.06666666666666667	0.0	0.0	0.0	0.06666666666666667	0.0	0.0	0.0	0.0	0.0	0.0	0.0	0.0	0.0	0.0	0.0	0	0.06666666666666667	0.0	0.0	0.06666666666666667	0.0	0.0	0.0	0.0	0.0	0.0	0.0	0.0	0.0	0.0	0.0	0.0	0.0	0.0	0.0	0.0	0.0	0.0	0.0	0.0	0.0	0.0	0.0	0.0	0.0	0.0	0.06666666666666667	0.0	0.0	0.0	0.0	0.0	0.0	0.0	0.0	0.0	0.0	0.0	0.0	0.0	0.0	0.0	0.0	0.0	0.0	0.0	0.0	0.0	0.0	0.0	0.0	0.0	0.0	0.0	0.0	0.0	0.0	0.0	0.0	0.0	0.0	0.0	0.0	0.0	0.0	0.0	0.0	0.0	0.0	0.0	0.0	0.0	0.0	0.0	0.0	0.0	0.0	0.0	0.0	0.0	0.0	0.0	0.0	0.0	0.0	0.0	1
Spy_sRNA1186876	4.81	0	93	-144	0	40	1	0.017543859649122806	0.008771929824561403	0.008771929824561403	0.008771929824561403	0.0	0.008771929824561403	0.0	0.0	0.017543859649122806	0.0	0.0	0.0	0.008771929824561403	0.008771929824561403	0.0	0.017543859649122806	0.0	0.0	0.0	0.0	0.0	0.0	0.008771929824561403	0.0	0.0	0.0	0.0	0.0	0.008771929824561403	0.0	0.0	0.008771929824561403	0.008771929824561403	0.008771929824561403	0.008771929824561403	0.0	0.008771929824561403	0.0	0.0	0.008771929824561403	0.0	0.0	0.0	0.0	0.008771929824561403	0.0	0.0	0.0	0.008771929824561403	0.0	0.008771929824561403	0.0	0.02631578947368421	0.0	0.0	0.0	0.017543859649122806	0.0	0.0	0.008771929824561403	0.017543859649122806	0.008771929824561403	0.008771929824561403	0.03508771929824561	0.0	0.0	0.0	0.017543859649122806	0.0	0.0	0.0	0.0	0.0	0.008771929824561403	0.0	0.0	0.0	0.0	0.0	0.017543859649122806	0.0	0.0	0.0	0.0	0.0	0.0	0.0	0.0	0.0	0.008771929824561403	0.0	0.008771929824561403	0.0	0.0	0.0	0.0	0.0	0.0	0.0	0.0	0.0	0.008771929824561403	0.0	0.0	0.0	0.0	0.0	0.0	0.008771929824561403	0.0	0.0	0.0	0.0	0.0	0.0	0.02631578947368421	0.0	0.0	0.0	0.0	0.0	0.0	0.0	0.008771929824561403	0.008771929824561403	0.0	0.0	0.0	0.017543859649122806	0.0	0.0	0.0	0.0	0.0	0.0	0.008771929824561403	0.008771929824561403	0.008771929824561403	0.0	0.0	0.0	0.008771929824561403	0.0	0.0	0.008771929824561403	0.0	0.0	0.0	0.0	0.0	0.008771929824561403	0.0	0.0	0.0	0.0	0.0	0.0	0.0	0.008771929824561403	0.0	0.0	0.0	0.0	0.0	0.0	0	0.0	0.0	0.0	0.0	0.0	0.0	0.0	0.0	0.0	0.008771929824561403	0.008771929824561403	0.0	0.0	0.017543859649122806	0.0	0.0	0.0	0.0	0.0	0.0	0.0	0.0	0.0	0.0	0.0	0.017543859649122806	0.008771929824561403	0.0	0.008771929824561403	0.008771929824561403	0.0	0.0	0.0	0.008771929824561403	0.0	0.008771929824561403	0.0	0.008771929824561403	0.0	0.008771929824561403	0.02631578947368421	0.03508771929824561	0.008771929824561403	0.0	0.008771929824561403	0.017543859649122806	0.0	0.0	0.0	0.0	0.0	0.0	0.0	0.0	0.017543859649122806	0.0	0.0	0.0	0.008771929824561403	0.0	0.008771929824561403	0.008771929824561403	0.0	0.0	0.0	0.0	0.0	0.0	0.0	0.008771929824561403	0.008771929824561403	0.0	0.0	0.008771929824561403	0.008771929824561403	0.008771929824561403	0.008771929824561403	0.02631578947368421	0.008771929824561403	0.0	0.0	0.017543859649122806	0.008771929824561403	0.0	0.008771929824561403	0.0	0.02631578947368421	0.017543859649122806	0.008771929824561403	0.043859649122807015	1
Spy_sRNA1212757	-14.8	-6	1000	-36	0	190	0	0.0	0.0	0.0	0.0	0.0	0.0	0.0	0.025	0.0	0.0	0.025	0.0	0.0	0.0	0.0	0.0	0.0	0.0	0.0	0.0	0.0	0.0	0.0	0.0	0.0	0.0	0.0	0.0	0.025	0.0	0.0	0.0	0.0	0.0	0.0	0.0	0.0	0.0	0.0	0.05	0.025	0.0	0.0	0.0	0.0	0.025	0.0	0.0	0.0	0.0	0.0	0.0	0.0	0.0	0.0	0.0	0.0	0.0	0.0	0.0	0.05	0.0	0.0	0.0	0.0	0.0	0.0	0.0	0.0	0.0	0.0	0.0	0.0	0.025	0.0	0.0	0.0	0.0	0.0	0.0	0.0	0.0	0.0	0.0	0.0	0.0	0.0	0.0	0.0	0.0	0.0	0.0	0.0	0.0	0.0	0.0	0.0	0.0	0.0	0.0	0.0	0.0	0.0	0.0	0.0	0.0	0.0	0.0	0.0	0.0	0.0	0.0	0.025	0.0	0.0	0.0	0.0	0.0	0.0	0.0	0.0	0.0	0.025	0.025	0.0	0.0	0.0	0.025	0.0	0.0	0.0	0.0	0.0	0.0	0.0	0.0	0.0	0.025	0.0	0.025	0.0	0.0	0.0	0.0	0.0	0.0	0.0	0.0	0.0	0.0	0.0	0.0	0.0	0.0	0.0	0.0	0.0	0.0	0.05	0.025	0.0	0.0	0.025	0.0	0.0	0	0.0	0.025	0.0	0.0	0.0	0.0	0.0	0.0	0.0	0.0	0.0	0.0	0.0	0.0	0.025	0.0	0.0	0.0	0.025	0.0	0.025	0.0	0.0	0.0	0.0	0.0	0.0	0.025	0.025	0.0	0.0	0.0	0.0	0.0	0.0	0.0	0.0	0.0	0.0	0.0	0.0	0.025	0.0	0.0	0.025	0.0	0.0	0.0	0.0	0.0	0.0	0.0	0.0	0.0	0.0	0.0	0.0	0.0	0.0	0.0	0.025	0.0	0.0	0.0	0.0	0.0	0.025	0.025	0.0	0.0	0.0	0.0	0.05	0.0	0.025	0.0	0.0	0.025	0.0	0.0	0.0	0.0	0.0	0.0	0.0	0.025	0.0	0.0	0.025	0.075	1
Spy_sRNA1221370	-36.8	0	1000	-8	0	32	0	0.0	0.0	0.012195121951219513	0.012195121951219513	0.0	0.0	0.0	0.0	0.012195121951219513	0.012195121951219513	0.0	0.0	0.0	0.0	0.0	0.012195121951219513	0.0	0.0	0.0	0.0	0.0	0.0	0.0	0.012195121951219513	0.0	0.012195121951219513	0.0	0.0	0.024390243902439025	0.0	0.012195121951219513	0.0	0.0	0.012195121951219513	0.012195121951219513	0.012195121951219513	0.012195121951219513	0.0	0.012195121951219513	0.0	0.0	0.0	0.0	0.012195121951219513	0.012195121951219513	0.0	0.0	0.0	0.0	0.012195121951219513	0.012195121951219513	0.0	0.0	0.0	0.0	0.0	0.0	0.0	0.0	0.0	0.0	0.012195121951219513	0.0	0.012195121951219513	0.012195121951219513	0.0	0.0	0.0	0.0	0.0	0.012195121951219513	0.0	0.0	0.0	0.012195121951219513	0.0	0.0	0.0	0.0	0.0	0.012195121951219513	0.0	0.0	0.0	0.0	0.0	0.0	0.0	0.0	0.0	0.0	0.0	0.012195121951219513	0.024390243902439025	0.0	0.0	0.012195121951219513	0.0	0.0	0.0	0.0	0.024390243902439025	0.0	0.012195121951219513	0.0	0.0	0.0	0.0	0.0	0.0	0.012195121951219513	0.0	0.0	0.012195121951219513	0.012195121951219513	0.012195121951219513	0.012195121951219513	0.012195121951219513	0.012195121951219513	0.012195121951219513	0.0	0.012195121951219513	0.0	0.0	0.0	0.0	0.0	0.0	0.0	0.0	0.012195121951219513	0.0	0.0	0.012195121951219513	0.0	0.0	0.012195121951219513	0.012195121951219513	0.0	0.0	0.0	0.0	0.0	0.012195121951219513	0.0	0.0	0.012195121951219513	0.0	0.012195121951219513	0.0	0.0	0.012195121951219513	0.012195121951219513	0.0	0.0	0.012195121951219513	0.0	0.012195121951219513	0.0	0.0	0.0	0.0	0.0	0.0	0.0	0	0.0	0.0	0.0	0.012195121951219513	0.012195121951219513	0.0	0.0	0.0	0.0	0.012195121951219513	0.012195121951219513	0.0	0.0	0.012195121951219513	0.0	0.0	0.0	0.0	0.0	0.0	0.012195121951219513	0.0	0.0	0.0	0.0	0.012195121951219513	0.012195121951219513	0.0	0.0	0.0	0.0	0.0	0.0	0.036585365853658534	0.012195121951219513	0.0	0.0	0.012195121951219513	0.024390243902439025	0.0	0.0	0.0	0.0	0.012195121951219513	0.0	0.0	0.0	0.0	0.0	0.012195121951219513	0.0	0.024390243902439025	0.0	0.0	0.0	0.012195121951219513	0.0	0.0	0.0	0.0	0.012195121951219513	0.0	0.0	0.0	0.012195121951219513	0.0	0.0	0.0	0.012195121951219513	0.0	0.0	0.0	0.0	0.0	0.0	0.012195121951219513	0.0	0.0	0.0	0.0	0.012195121951219513	0.0	0.012195121951219513	0.0	0.0	0.0	0.012195121951219513	0.0	0.012195121951219513	0.024390243902439025	1
Spy_sRNA1222613	-11.2	-155	0	-36	0	19	1	0.0	0.0	0.0	0.0	0.0	0.0	0.0	0.0	0.0	0.03225806451612903	0.0	0.0	0.0	0.0	0.0	0.0	0.03225806451612903	0.0	0.0	0.0	0.0	0.0	0.0	0.0	0.0	0.0	0.0	0.0	0.0	0.0	0.0	0.0	0.0	0.0	0.0	0.0	0.0	0.03225806451612903	0.03225806451612903	0.0	0.0	0.0	0.0	0.0	0.0	0.0	0.03225806451612903	0.0	0.0	0.0	0.0	0.0	0.0	0.0	0.0	0.0	0.0	0.0	0.0	0.0	0.0	0.0	0.03225806451612903	0.0	0.0	0.0	0.03225806451612903	0.0	0.0	0.0	0.0	0.0	0.0	0.0	0.0	0.03225806451612903	0.0	0.0	0.0	0.0	0.0	0.0	0.0	0.0	0.0	0.0	0.0	0.0	0.0	0.0	0.0	0.0	0.0	0.0	0.03225806451612903	0.0	0.0	0.0	0.0	0.0	0.0	0.0	0.0	0.0	0.0	0.0	0.0	0.0	0.0	0.0	0.0	0.03225806451612903	0.0	0.0	0.0	0.0	0.0	0.0	0.0	0.0	0.0	0.0	0.0	0.03225806451612903	0.0	0.0	0.0	0.0	0.0	0.0	0.0	0.0	0.0	0.0	0.0	0.0	0.0	0.0	0.0	0.0	0.0	0.0	0.0	0.0	0.0	0.0	0.03225806451612903	0.0	0.0	0.0	0.0	0.03225806451612903	0.0	0.0	0.0	0.03225806451612903	0.0	0.0	0.0	0.03225806451612903	0.0	0.0	0.0	0.0	0.0	0	0.0	0.03225806451612903	0.0	0.03225806451612903	0.0	0.0	0.0	0.0	0.0	0.0	0.0	0.03225806451612903	0.03225806451612903	0.0	0.0	0.0	0.0	0.0	0.0	0.03225806451612903	0.03225806451612903	0.0	0.0	0.0	0.03225806451612903	0.0	0.0	0.0	0.0	0.0	0.03225806451612903	0.0	0.0	0.0	0.0	0.03225806451612903	0.0	0.0	0.0	0.0	0.0	0.0	0.0	0.0	0.0	0.0	0.0	0.0	0.0	0.0	0.0	0.0	0.0	0.0	0.0	0.0	0.0	0.0	0.0	0.0	0.0	0.0	0.03225806451612903	0.0	0.0	0.0	0.0	0.0	0.03225806451612903	0.0	0.06451612903225806	0.0	0.03225806451612903	0.0	0.0	0.0	0.0	0.0	0.0	0.0	0.0	0.0	0.0	0.0	0.0	0.06451612903225806	0.0	0.0	0.0	0.0	1
Spy_sRNA1260092	-31.8	0	585	-35	1	60	0	0.007633587786259542	0.007633587786259542	0.0	0.0	0.0	0.007633587786259542	0.007633587786259542	0.0	0.0	0.0	0.0	0.007633587786259542	0.007633587786259542	0.007633587786259542	0.007633587786259542	0.015267175572519083	0.0	0.0	0.0	0.0	0.0	0.007633587786259542	0.0	0.0	0.007633587786259542	0.0	0.0	0.007633587786259542	0.0	0.0	0.0	0.0	0.0	0.0	0.0	0.007633587786259542	0.0	0.0	0.0	0.0	0.015267175572519083	0.0	0.007633587786259542	0.007633587786259542	0.0	0.0	0.007633587786259542	0.007633587786259542	0.015267175572519083	0.0	0.007633587786259542	0.007633587786259542	0.015267175572519083	0.007633587786259542	0.0	0.0	0.007633587786259542	0.0	0.0	0.007633587786259542	0.030534351145038167	0.022900763358778626	0.007633587786259542	0.0	0.0	0.0	0.0	0.007633587786259542	0.0	0.0	0.007633587786259542	0.0	0.0	0.0	0.0	0.0	0.0	0.007633587786259542	0.0	0.007633587786259542	0.007633587786259542	0.0	0.0	0.007633587786259542	0.0	0.0	0.0	0.015267175572519083	0.0	0.0	0.0	0.007633587786259542	0.0	0.007633587786259542	0.0	0.015267175572519083	0.007633587786259542	0.0	0.0	0.007633587786259542	0.0	0.0	0.0	0.0	0.0	0.0	0.0	0.0	0.0	0.0	0.0	0.015267175572519083	0.015267175572519083	0.0	0.0	0.0	0.0	0.007633587786259542	0.0	0.007633587786259542	0.0	0.0	0.0	0.0	0.015267175572519083	0.0	0.0	0.007633587786259542	0.0	0.0	0.0	0.007633587786259542	0.0	0.0	0.0	0.0	0.0	0.0	0.0	0.0	0.015267175572519083	0.0	0.0	0.022900763358778626	0.0	0.0	0.0	0.0	0.0	0.0	0.0	0.0	0.0	0.0	0.0	0.0	0.0	0.0	0.0	0.0	0.0	0.0	0.0	0.015267175572519083	0.0	0	0.0	0.0	0.0	0.0	0.0	0.007633587786259542	0.0	0.007633587786259542	0.0	0.007633587786259542	0.0	0.0	0.0	0.0	0.0	0.007633587786259542	0.007633587786259542	0.007633587786259542	0.0	0.0	0.0	0.007633587786259542	0.022900763358778626	0.007633587786259542	0.0	0.007633587786259542	0.007633587786259542	0.007633587786259542	0.007633587786259542	0.022900763358778626	0.0	0.0	0.0	0.0	0.007633587786259542	0.0	0.030534351145038167	0.007633587786259542	0.007633587786259542	0.007633587786259542	0.007633587786259542	0.015267175572519083	0.0	0.007633587786259542	0.0	0.007633587786259542	0.015267175572519083	0.007633587786259542	0.007633587786259542	0.007633587786259542	0.007633587786259542	0.0	0.0	0.0	0.015267175572519083	0.007633587786259542	0.0	0.007633587786259542	0.0	0.0	0.0	0.007633587786259542	0.0	0.0	0.0	0.0	0.0	0.0	0.0	0.0	0.0	0.015267175572519083	0.0	0.007633587786259542	0.015267175572519083	0.0	0.030534351145038167	0.030534351145038167	0.0	0.015267175572519083	0.0	0.022900763358778626	0.0	0.0	0.0	0.007633587786259542	0.007633587786259542	0.007633587786259542	0.0	0.0	1
Spy_sRNA1300419	-27.1	0	0	-200	1	158	0	0.02666666666666667	0.02666666666666667	0.013333333333333334	0.0	0.0	0.013333333333333334	0.0	0.013333333333333334	0.0	0.013333333333333334	0.02666666666666667	0.0	0.0	0.0	0.013333333333333334	0.013333333333333334	0.0	0.0	0.0	0.0	0.0	0.0	0.0	0.013333333333333334	0.0	0.0	0.0	0.0	0.0	0.013333333333333334	0.0	0.0	0.013333333333333334	0.0	0.0	0.013333333333333334	0.0	0.013333333333333334	0.0	0.0	0.02666666666666667	0.0	0.0	0.013333333333333334	0.0	0.0	0.013333333333333334	0.0	0.013333333333333334	0.0	0.013333333333333334	0.0	0.0	0.0	0.0	0.0	0.013333333333333334	0.0	0.0	0.0	0.02666666666666667	0.0	0.0	0.013333333333333334	0.0	0.0	0.0	0.013333333333333334	0.0	0.0	0.0	0.0	0.0	0.0	0.0	0.0	0.0	0.0	0.0	0.013333333333333334	0.0	0.0	0.0	0.0	0.0	0.0	0.0	0.0	0.0	0.0	0.0	0.0	0.013333333333333334	0.0	0.0	0.013333333333333334	0.0	0.0	0.0	0.0	0.0	0.0	0.0	0.0	0.0	0.0	0.0	0.0	0.0	0.013333333333333334	0.0	0.0	0.013333333333333334	0.0	0.0	0.013333333333333334	0.013333333333333334	0.0	0.0	0.0	0.0	0.0	0.0	0.0	0.013333333333333334	0.0	0.0	0.0	0.02666666666666667	0.0	0.0	0.013333333333333334	0.0	0.0	0.0	0.0	0.02666666666666667	0.0	0.0	0.0	0.013333333333333334	0.0	0.0	0.0	0.0	0.0	0.0	0.0	0.0	0.0	0.0	0.013333333333333334	0.0	0.0	0.0	0.0	0.0	0.0	0.0	0.0	0.013333333333333334	0.0	0.013333333333333334	0.0	0.0	0	0.0	0.0	0.0	0.0	0.0	0.0	0.0	0.0	0.0	0.013333333333333334	0.0	0.0	0.0	0.0	0.0	0.0	0.0	0.013333333333333334	0.013333333333333334	0.0	0.0	0.0	0.0	0.0	0.0	0.013333333333333334	0.013333333333333334	0.0	0.02666666666666667	0.013333333333333334	0.0	0.0	0.0	0.0	0.0	0.0	0.013333333333333334	0.013333333333333334	0.013333333333333334	0.0	0.0	0.013333333333333334	0.013333333333333334	0.0	0.0	0.013333333333333334	0.0	0.0	0.0	0.0	0.0	0.0	0.0	0.013333333333333334	0.013333333333333334	0.0	0.0	0.0	0.013333333333333334	0.0	0.013333333333333334	0.0	0.0	0.0	0.0	0.0	0.0	0.0	0.0	0.0	0.0	0.0	0.0	0.0	0.02666666666666667	0.0	0.013333333333333334	0.013333333333333334	0.013333333333333334	0.0	0.013333333333333334	0.0	0.0	0.0	0.0	0.0	0.013333333333333334	0.013333333333333334	0.0	0.05333333333333334	1
Spy_sRNA1365555	-32.0	0	283	-327	1	0	1	0.008620689655172414	0.008620689655172414	0.008620689655172414	0.0	0.008620689655172414	0.0	0.0	0.008620689655172414	0.0	0.008620689655172414	0.0	0.008620689655172414	0.008620689655172414	0.008620689655172414	0.0	0.008620689655172414	0.0	0.008620689655172414	0.0	0.008620689655172414	0.0	0.0	0.0	0.0	0.0	0.0	0.0	0.0	0.008620689655172414	0.0	0.017241379310344827	0.0	0.0	0.0	0.0	0.0	0.008620689655172414	0.008620689655172414	0.0	0.0	0.008620689655172414	0.008620689655172414	0.008620689655172414	0.0	0.017241379310344827	0.008620689655172414	0.008620689655172414	0.0	0.017241379310344827	0.008620689655172414	0.0	0.0	0.0	0.0	0.008620689655172414	0.0	0.017241379310344827	0.017241379310344827	0.0	0.0	0.0	0.0	0.008620689655172414	0.017241379310344827	0.0	0.0	0.0	0.008620689655172414	0.008620689655172414	0.0	0.0	0.008620689655172414	0.0	0.0	0.0	0.008620689655172414	0.008620689655172414	0.0	0.008620689655172414	0.0	0.0	0.0	0.008620689655172414	0.008620689655172414	0.0	0.0	0.0	0.0	0.0	0.0	0.0	0.0	0.008620689655172414	0.0	0.0	0.0	0.008620689655172414	0.0	0.0	0.0	0.0	0.0	0.008620689655172414	0.0	0.0	0.0	0.0	0.0	0.008620689655172414	0.0	0.0	0.0	0.0	0.0	0.02586206896551724	0.008620689655172414	0.0	0.0	0.0	0.0	0.0	0.0	0.008620689655172414	0.017241379310344827	0.0	0.0	0.0	0.0	0.017241379310344827	0.008620689655172414	0.0	0.0	0.0	0.0	0.0	0.0	0.0	0.0	0.008620689655172414	0.0	0.008620689655172414	0.0	0.008620689655172414	0.008620689655172414	0.008620689655172414	0.008620689655172414	0.0	0.0	0.008620689655172414	0.0	0.0	0.008620689655172414	0.008620689655172414	0.0	0.0	0.008620689655172414	0.017241379310344827	0.0	0.008620689655172414	0.0	0.008620689655172414	0.0	0.0	0.008620689655172414	0.0	0	0.008620689655172414	0.008620689655172414	0.0	0.0	0.0	0.0	0.0	0.0	0.0	0.0	0.0	0.0	0.017241379310344827	0.008620689655172414	0.0	0.008620689655172414	0.0	0.0	0.017241379310344827	0.017241379310344827	0.0	0.0	0.0	0.0	0.0	0.0	0.0	0.0	0.008620689655172414	0.017241379310344827	0.0	0.0	0.0	0.008620689655172414	0.0	0.008620689655172414	0.017241379310344827	0.017241379310344827	0.0	0.0	0.008620689655172414	0.008620689655172414	0.0	0.0	0.0	0.0	0.008620689655172414	0.0	0.0	0.0	0.0	0.008620689655172414	0.0	0.0	0.0	0.0	0.0	0.0	0.008620689655172414	0.0	0.008620689655172414	0.017241379310344827	0.008620689655172414	0.008620689655172414	0.0	0.017241379310344827	0.008620689655172414	0.008620689655172414	0.0	0.0	0.0	0.0	0.02586206896551724	0.0	0.008620689655172414	0.0	0.0	0.0	0.0	0.0	0.0	0.0	0.0	0.0	0.008620689655172414	0.008620689655172414	0.008620689655172414	0.0	0.008620689655172414	0.02586206896551724	1
Spy_sRNA1571135	-10.8	0	0	-139	1	62	1	0.018518518518518517	0.0	0.018518518518518517	0.0	0.0	0.0	0.0	0.0	0.0	0.018518518518518517	0.0	0.0	0.018518518518518517	0.0	0.0	0.0	0.0	0.0	0.0	0.0	0.0	0.0	0.0	0.018518518518518517	0.0	0.0	0.0	0.0	0.0	0.0	0.0	0.0	0.0	0.0	0.0	0.0	0.0	0.0	0.0	0.018518518518518517	0.0	0.018518518518518517	0.018518518518518517	0.018518518518518517	0.0	0.0	0.0	0.018518518518518517	0.0	0.0	0.018518518518518517	0.0	0.0	0.0	0.0	0.0	0.018518518518518517	0.0	0.0	0.0	0.037037037037037035	0.018518518518518517	0.0	0.0	0.018518518518518517	0.0	0.0	0.0	0.0	0.018518518518518517	0.0	0.0	0.0	0.0	0.018518518518518517	0.0	0.0	0.0	0.0	0.0	0.0	0.0	0.0	0.0	0.0	0.0	0.0	0.0	0.0	0.0	0.0	0.0	0.0	0.018518518518518517	0.0	0.0	0.0	0.0	0.0	0.0	0.0	0.0	0.0	0.0	0.0	0.0	0.018518518518518517	0.0	0.0	0.0	0.0	0.0	0.0	0.0	0.018518518518518517	0.0	0.0	0.0	0.0	0.05555555555555555	0.0	0.0	0.0	0.0	0.0	0.0	0.0	0.018518518518518517	0.0	0.0	0.0	0.0	0.0	0.0	0.0	0.0	0.0	0.0	0.018518518518518517	0.0	0.0	0.0	0.0	0.0	0.018518518518518517	0.018518518518518517	0.0	0.0	0.0	0.0	0.0	0.0	0.0	0.0	0.0	0.0	0.0	0.018518518518518517	0.0	0.0	0.0	0.0	0.0	0.0	0.037037037037037035	0	0.0	0.0	0.0	0.018518518518518517	0.018518518518518517	0.0	0.0	0.018518518518518517	0.0	0.0	0.0	0.0	0.0	0.0	0.018518518518518517	0.0	0.0	0.0	0.0	0.0	0.0	0.0	0.018518518518518517	0.0	0.0	0.0	0.0	0.0	0.0	0.018518518518518517	0.0	0.0	0.0	0.0	0.0	0.0	0.018518518518518517	0.018518518518518517	0.0	0.0	0.018518518518518517	0.037037037037037035	0.0	0.0	0.018518518518518517	0.0	0.0	0.0	0.0	0.0	0.0	0.0	0.018518518518518517	0.0	0.018518518518518517	0.018518518518518517	0.0	0.018518518518518517	0.0	0.0	0.018518518518518517	0.0	0.0	0.0	0.0	0.0	0.0	0.0	0.0	0.0	0.0	0.0	0.0	0.0	0.018518518518518517	0.0	0.0	0.05555555555555555	0.0	0.0	0.018518518518518517	0.0	0.0	0.0	0.0	0.0	0.018518518518518517	0.0	0.0	0.0	1
Spy_sRNA1663522	-50.5	-10	1000	-92	1	203	1	0.01	0.01	0.01	0.0	0.005	0.0	0.005	0.005	0.015	0.005	0.0	0.005	0.01	0.005	0.0	0.0	0.01	0.0	0.005	0.005	0.0	0.005	0.01	0.005	0.005	0.01	0.0	0.005	0.005	0.005	0.005	0.005	0.005	0.005	0.005	0.0	0.005	0.005	0.005	0.0	0.0	0.0	0.0	0.0	0.0	0.005	0.005	0.0	0.0	0.02	0.0	0.0	0.005	0.005	0.0	0.005	0.0	0.0	0.0	0.0	0.0	0.005	0.0	0.01	0.01	0.005	0.01	0.01	0.005	0.01	0.005	0.0	0.0	0.005	0.0	0.0	0.005	0.005	0.0	0.005	0.01	0.01	0.0	0.0	0.005	0.0	0.0	0.0	0.005	0.0	0.005	0.005	0.0	0.005	0.005	0.005	0.005	0.005	0.0	0.0	0.005	0.0	0.015	0.0	0.005	0.0	0.01	0.005	0.0	0.0	0.005	0.01	0.005	0.0	0.005	0.005	0.005	0.005	0.0	0.005	0.0	0.015	0.0	0.005	0.01	0.005	0.005	0.01	0.01	0.0	0.0	0.005	0.0	0.005	0.005	0.01	0.0	0.005	0.0	0.0	0.0	0.005	0.0	0.0	0.01	0.0	0.0	0.01	0.005	0.0	0.005	0.005	0.0	0.01	0.01	0.005	0.0	0.005	0.005	0.005	0.005	0.005	0.0	0.005	0.005	0	0.0	0.005	0.005	0.005	0.0	0.0	0.0	0.0	0.005	0.0	0.0	0.0	0.0	0.005	0.0	0.0	0.0	0.005	0.0	0.005	0.01	0.005	0.005	0.0	0.005	0.005	0.0	0.0	0.005	0.0	0.01	0.005	0.005	0.005	0.0	0.0	0.0	0.005	0.005	0.0	0.0	0.01	0.005	0.01	0.0	0.0	0.01	0.0	0.0	0.005	0.0	0.0	0.005	0.0	0.01	0.0	0.005	0.015	0.0	0.005	0.0	0.0	0.005	0.01	0.005	0.01	0.005	0.005	0.0	0.0	0.005	0.0	0.005	0.005	0.0	0.005	0.0	0.005	0.005	0.005	0.005	0.015	0.005	0.01	0.0	0.005	0.0	0.02	0.005	0.005	1
Spy_sRNA1718031	-10.6	0	0	0	0	12	1	0.023255813953488372	0.03488372093023256	0.023255813953488372	0.011627906976744186	0.03488372093023256	0.0	0.0	0.011627906976744186	0.011627906976744186	0.0	0.011627906976744186	0.0	0.011627906976744186	0.0	0.011627906976744186	0.0	0.023255813953488372	0.0	0.03488372093023256	0.0	0.0	0.0	0.0	0.0	0.0	0.0	0.0	0.0	0.0	0.011627906976744186	0.0	0.0	0.023255813953488372	0.0	0.0	0.023255813953488372	0.0	0.0	0.0	0.0	0.011627906976744186	0.011627906976744186	0.0	0.0	0.011627906976744186	0.0	0.011627906976744186	0.0	0.011627906976744186	0.011627906976744186	0.0	0.0	0.0	0.0	0.011627906976744186	0.0	0.011627906976744186	0.0	0.0	0.011627906976744186	0.011627906976744186	0.0	0.0	0.011627906976744186	0.03488372093023256	0.0	0.0	0.011627906976744186	0.011627906976744186	0.0	0.0	0.0	0.011627906976744186	0.0	0.0	0.023255813953488372	0.0	0.0	0.0	0.0	0.0	0.011627906976744186	0.0	0.0	0.0	0.0	0.0	0.0	0.0	0.0	0.0	0.0	0.011627906976744186	0.0	0.0	0.0	0.0	0.0	0.0	0.0	0.0	0.0	0.0	0.011627906976744186	0.0	0.0	0.0	0.0	0.0	0.0	0.0	0.0	0.0	0.0	0.023255813953488372	0.011627906976744186	0.023255813953488372	0.0	0.0	0.0	0.0	0.0	0.0	0.0	0.0	0.0	0.0	0.0	0.023255813953488372	0.011627906976744186	0.0	0.0	0.0	0.0	0.0	0.0	0.011627906976744186	0.0	0.0	0.0	0.011627906976744186	0.0	0.0	0.011627906976744186	0.0	0.0	0.0	0.0	0.0	0.0	0.0	0.0	0.0	0.0	0.0	0.0	0.023255813953488372	0.011627906976744186	0.0	0.0	0.0	0.0	0.011627906976744186	0.0	0.0	0	0.0	0.011627906976744186	0.0	0.0	0.0	0.0	0.0	0.0	0.0	0.0	0.0	0.0	0.011627906976744186	0.0	0.0	0.0	0.0	0.0	0.0	0.011627906976744186	0.0	0.0	0.011627906976744186	0.0	0.0	0.0	0.011627906976744186	0.0	0.0	0.0	0.011627906976744186	0.0	0.0	0.0	0.011627906976744186	0.011627906976744186	0.011627906976744186	0.0	0.0	0.011627906976744186	0.011627906976744186	0.011627906976744186	0.023255813953488372	0.0	0.0	0.0	0.0	0.0	0.0	0.011627906976744186	0.0	0.011627906976744186	0.0	0.0	0.0	0.0	0.0	0.0	0.011627906976744186	0.0	0.0	0.0	0.0	0.0	0.0	0.011627906976744186	0.0	0.0	0.0	0.0	0.0	0.0	0.0	0.011627906976744186	0.0	0.0	0.0	0.023255813953488372	0.0	0.011627906976744186	0.0	0.0	0.0	0.0	0.0	0.0	0.0	0.011627906976744186	0.0	0.0	1
Spy_sRNA1721621	-23.3	0	0	-68	0	1008	1	0.0	0.008	0.008	0.0	0.0	0.008	0.0	0.008	0.0	0.0	0.008	0.024	0.008	0.0	0.016	0.0	0.008	0.0	0.0	0.0	0.0	0.016	0.008	0.0	0.0	0.0	0.0	0.0	0.016	0.0	0.0	0.0	0.008	0.008	0.0	0.0	0.0	0.0	0.0	0.0	0.008	0.0	0.0	0.008	0.016	0.0	0.008	0.0	0.016	0.008	0.008	0.0	0.0	0.0	0.008	0.016	0.0	0.008	0.0	0.008	0.0	0.024	0.0	0.008	0.008	0.008	0.0	0.0	0.008	0.008	0.0	0.0	0.0	0.0	0.0	0.0	0.0	0.008	0.0	0.008	0.0	0.0	0.0	0.008	0.008	0.008	0.008	0.008	0.016	0.0	0.0	0.0	0.008	0.008	0.0	0.008	0.0	0.0	0.0	0.016	0.0	0.0	0.0	0.0	0.0	0.0	0.0	0.0	0.0	0.008	0.0	0.0	0.016	0.0	0.0	0.016	0.008	0.008	0.0	0.0	0.0	0.0	0.0	0.0	0.024	0.0	0.0	0.0	0.0	0.0	0.008	0.0	0.0	0.0	0.0	0.0	0.008	0.0	0.0	0.0	0.016	0.0	0.0	0.008	0.0	0.0	0.0	0.0	0.0	0.0	0.0	0.0	0.0	0.0	0.0	0.0	0.008	0.0	0.0	0.0	0.0	0.0	0.0	0.008	0.0	0	0.0	0.0	0.0	0.0	0.0	0.0	0.0	0.0	0.0	0.016	0.0	0.0	0.008	0.016	0.008	0.0	0.0	0.008	0.008	0.0	0.0	0.008	0.0	0.0	0.008	0.008	0.008	0.0	0.016	0.024	0.0	0.008	0.0	0.0	0.008	0.0	0.008	0.0	0.008	0.016	0.0	0.016	0.008	0.016	0.0	0.008	0.0	0.008	0.0	0.016	0.0	0.0	0.0	0.008	0.0	0.008	0.0	0.016	0.0	0.0	0.008	0.0	0.0	0.0	0.0	0.008	0.0	0.0	0.0	0.008	0.008	0.008	0.008	0.0	0.016	0.0	0.0	0.008	0.016	0.016	0.0	0.0	0.0	0.0	0.008	0.008	0.0	0.008	0.008	0.0	1
Spy_sRNA1755445	-25.2	0	0	-15	0	664	0	0.032520325203252036	0.016260162601626018	0.016260162601626018	0.0	0.016260162601626018	0.0	0.0	0.008130081300813009	0.016260162601626018	0.024390243902439025	0.0	0.024390243902439025	0.016260162601626018	0.0	0.008130081300813009	0.0	0.008130081300813009	0.016260162601626018	0.016260162601626018	0.0	0.0	0.0	0.0	0.0	0.0	0.0	0.0	0.0	0.0	0.008130081300813009	0.0	0.008130081300813009	0.032520325203252036	0.0	0.008130081300813009	0.0	0.008130081300813009	0.008130081300813009	0.0	0.008130081300813009	0.0	0.0	0.0	0.008130081300813009	0.008130081300813009	0.016260162601626018	0.008130081300813009	0.008130081300813009	0.024390243902439025	0.0	0.0	0.008130081300813009	0.008130081300813009	0.0	0.0	0.0	0.0	0.0	0.008130081300813009	0.0	0.0	0.0	0.0	0.008130081300813009	0.0	0.0	0.04065040650406504	0.008130081300813009	0.016260162601626018	0.0	0.0	0.008130081300813009	0.016260162601626018	0.0	0.008130081300813009	0.008130081300813009	0.0	0.0	0.0	0.008130081300813009	0.0	0.0	0.0	0.0	0.0	0.0	0.0	0.0	0.0	0.0	0.0	0.0	0.0	0.0	0.0	0.008130081300813009	0.0	0.0	0.0	0.0	0.0	0.0	0.0	0.0	0.0	0.0	0.0	0.0	0.0	0.0	0.0	0.0	0.0	0.0	0.0	0.0	0.016260162601626018	0.0	0.0	0.0	0.0	0.0	0.0	0.008130081300813009	0.008130081300813009	0.0	0.008130081300813009	0.0	0.032520325203252036	0.0	0.008130081300813009	0.0	0.0	0.0	0.0	0.0	0.008130081300813009	0.0	0.0	0.008130081300813009	0.008130081300813009	0.0	0.0	0.0	0.016260162601626018	0.008130081300813009	0.0	0.008130081300813009	0.0	0.0	0.0	0.008130081300813009	0.0	0.0	0.0	0.0	0.0	0.008130081300813009	0.0	0.0	0.008130081300813009	0.0	0.0	0.0	0.0	0	0.0	0.0	0.008130081300813009	0.0	0.008130081300813009	0.0	0.0	0.008130081300813009	0.0	0.0	0.008130081300813009	0.0	0.0	0.0	0.016260162601626018	0.0	0.0	0.008130081300813009	0.0	0.008130081300813009	0.0	0.0	0.0	0.0	0.008130081300813009	0.008130081300813009	0.0	0.008130081300813009	0.008130081300813009	0.016260162601626018	0.008130081300813009	0.0	0.0	0.0	0.0	0.0	0.0	0.0	0.008130081300813009	0.008130081300813009	0.0	0.0	0.024390243902439025	0.0	0.016260162601626018	0.0	0.0	0.0	0.0	0.0	0.0	0.0	0.0	0.0	0.0	0.0	0.008130081300813009	0.0	0.0	0.0	0.008130081300813009	0.008130081300813009	0.024390243902439025	0.0	0.0	0.0	0.0	0.0	0.008130081300813009	0.0	0.0	0.0	0.0	0.008130081300813009	0.0	0.008130081300813009	0.0	0.0	0.0	0.0	0.0	0.0	0.016260162601626018	0.016260162601626018	0.0	0.0	0.0	0.0	0.016260162601626018	0.008130081300813009	1
Spy_sRNA1774740	0.0	-15	219	-146	0	1074	0	0.02702702702702703	0.02702702702702703	0.0	0.0	0.0	0.0	0.0	0.02702702702702703	0.0	0.0	0.0	0.0	0.0	0.0	0.0	0.0	0.0	0.0	0.0	0.0	0.0	0.0	0.0	0.0	0.0	0.0	0.0	0.0	0.0	0.0	0.0	0.02702702702702703	0.0	0.0	0.0	0.0	0.0	0.0	0.02702702702702703	0.0	0.0	0.0	0.0	0.0	0.0	0.0	0.0	0.0	0.0	0.0	0.0	0.0	0.0	0.0	0.0	0.0	0.0	0.0	0.0	0.0	0.0	0.0	0.0	0.0	0.0	0.0	0.0	0.0	0.0	0.0	0.0	0.0	0.0	0.0	0.0	0.0	0.0	0.0	0.0	0.0	0.0	0.0	0.0	0.0	0.0	0.0	0.0	0.0	0.0	0.0	0.0	0.0	0.0	0.0	0.0	0.0	0.0	0.0	0.02702702702702703	0.0	0.0	0.0	0.0	0.0	0.0	0.0	0.02702702702702703	0.0	0.0	0.0	0.02702702702702703	0.0	0.0	0.0	0.0	0.0	0.0	0.0	0.0	0.0	0.0	0.0	0.0	0.0	0.0	0.0	0.02702702702702703	0.02702702702702703	0.02702702702702703	0.0	0.0	0.0	0.0	0.0	0.0	0.0	0.0	0.02702702702702703	0.0	0.0	0.0	0.0	0.0	0.0	0.0	0.0	0.0	0.0	0.0	0.0	0.0	0.0	0.02702702702702703	0.0	0.02702702702702703	0.02702702702702703	0.0	0.0	0.0	0.0	0.02702702702702703	0.0	0.0	0.0	0.0	0	0.0	0.0	0.0	0.0	0.02702702702702703	0.02702702702702703	0.0	0.02702702702702703	0.0	0.02702702702702703	0.0	0.0	0.0	0.0	0.0	0.0	0.0	0.02702702702702703	0.0	0.0	0.02702702702702703	0.0	0.0	0.0	0.0	0.05405405405405406	0.0	0.0	0.0	0.0	0.0	0.0	0.0	0.0	0.0	0.0	0.0	0.0	0.0	0.0	0.0	0.0	0.0	0.0	0.0	0.0	0.0	0.0	0.0	0.0	0.0	0.0	0.0	0.0	0.0	0.0	0.0	0.02702702702702703	0.0	0.0	0.0	0.0	0.0	0.0	0.02702702702702703	0.0	0.02702702702702703	0.0	0.0	0.02702702702702703	0.0	0.0	0.0	0.02702702702702703	0.0	0.0	0.0	0.0	0.0	0.0	0.0	0.0	0.0	0.02702702702702703	0.02702702702702703	0.02702702702702703	0.0	0.0	0.05405405405405406	0.08108108108108109	1
Spy_sRNA1775122	-26.7	0	0	-408	1	731	1	0.01694915254237288	0.01694915254237288	0.01694915254237288	0.0	0.01694915254237288	0.00847457627118644	0.0	0.0	0.00847457627118644	0.0	0.00847457627118644	0.00847457627118644	0.0	0.00847457627118644	0.00847457627118644	0.0	0.00847457627118644	0.00847457627118644	0.0	0.00847457627118644	0.0	0.0	0.025423728813559324	0.0	0.00847457627118644	0.0	0.00847457627118644	0.0	0.0	0.0	0.0	0.0	0.00847457627118644	0.00847457627118644	0.0	0.00847457627118644	0.0	0.00847457627118644	0.0	0.0	0.00847457627118644	0.0	0.0	0.0	0.0	0.0	0.00847457627118644	0.0	0.00847457627118644	0.0	0.00847457627118644	0.00847457627118644	0.0	0.0	0.0	0.00847457627118644	0.0	0.0	0.00847457627118644	0.0	0.0	0.0	0.01694915254237288	0.01694915254237288	0.00847457627118644	0.0	0.0	0.00847457627118644	0.0	0.00847457627118644	0.00847457627118644	0.0	0.0	0.00847457627118644	0.0	0.0	0.00847457627118644	0.0	0.0	0.0	0.0	0.00847457627118644	0.0	0.0	0.0	0.0	0.0	0.0	0.0	0.0	0.0	0.025423728813559324	0.0	0.0	0.00847457627118644	0.00847457627118644	0.0	0.0	0.0	0.00847457627118644	0.00847457627118644	0.0	0.0	0.0	0.0	0.00847457627118644	0.0	0.0	0.00847457627118644	0.00847457627118644	0.0	0.00847457627118644	0.00847457627118644	0.0	0.0	0.00847457627118644	0.0	0.00847457627118644	0.0	0.0	0.0	0.0	0.0	0.00847457627118644	0.00847457627118644	0.0	0.0	0.0	0.00847457627118644	0.0	0.0	0.0	0.00847457627118644	0.0	0.00847457627118644	0.0	0.00847457627118644	0.0	0.0	0.0	0.0	0.0	0.0	0.01694915254237288	0.00847457627118644	0.0	0.00847457627118644	0.0	0.0	0.0	0.0	0.00847457627118644	0.0	0.00847457627118644	0.0	0.0	0.00847457627118644	0.0	0.0	0.0	0.0	0.00847457627118644	0.00847457627118644	0.0	0.00847457627118644	0	0.0	0.00847457627118644	0.0	0.0	0.0	0.0	0.00847457627118644	0.0	0.0	0.0	0.00847457627118644	0.0	0.0	0.00847457627118644	0.0	0.00847457627118644	0.0	0.0	0.0	0.0	0.01694915254237288	0.00847457627118644	0.0	0.0	0.0	0.01694915254237288	0.01694915254237288	0.00847457627118644	0.00847457627118644	0.0	0.0	0.00847457627118644	0.0	0.0	0.00847457627118644	0.0	0.0	0.0	0.01694915254237288	0.0	0.0	0.01694915254237288	0.0	0.0	0.0	0.0	0.00847457627118644	0.0	0.0	0.00847457627118644	0.0	0.0	0.0	0.0	0.00847457627118644	0.00847457627118644	0.0	0.0	0.0	0.0	0.0	0.0	0.0	0.0	0.00847457627118644	0.0	0.00847457627118644	0.00847457627118644	0.00847457627118644	0.00847457627118644	0.0	0.0	0.01694915254237288	0.00847457627118644	0.00847457627118644	0.00847457627118644	0.0	0.00847457627118644	0.0	0.0	0.0	0.00847457627118644	0.0	0.00847457627118644	0.00847457627118644	0.00847457627118644	0.01694915254237288	0.00847457627118644	0.00847457627118644	0.00847457627118644	1
Spy_sRNA1778807	-2.72	0	1000	-29	0	132	0	0.010752688172043012	0.010752688172043012	0.010752688172043012	0.0	0.010752688172043012	0.010752688172043012	0.0	0.0	0.010752688172043012	0.0	0.010752688172043012	0.010752688172043012	0.010752688172043012	0.0	0.0	0.021505376344086023	0.0	0.0	0.010752688172043012	0.0	0.0	0.010752688172043012	0.0	0.0	0.0	0.0	0.0	0.0	0.010752688172043012	0.0	0.0	0.0	0.0	0.0	0.0	0.010752688172043012	0.0	0.0	0.0	0.010752688172043012	0.0	0.010752688172043012	0.0	0.0	0.0	0.0	0.0	0.03225806451612903	0.03225806451612903	0.010752688172043012	0.0	0.021505376344086023	0.0	0.0	0.0	0.0	0.0	0.0	0.0	0.0	0.021505376344086023	0.0	0.010752688172043012	0.0	0.0	0.0	0.0	0.0	0.0	0.0	0.0	0.0	0.0	0.010752688172043012	0.0	0.0	0.0	0.0	0.0	0.0	0.0	0.0	0.0	0.0	0.0	0.0	0.0	0.010752688172043012	0.0	0.0	0.0	0.0	0.0	0.0	0.010752688172043012	0.010752688172043012	0.0	0.0	0.0	0.0	0.0	0.0	0.0	0.010752688172043012	0.0	0.0	0.0	0.0	0.0	0.0	0.0	0.0	0.010752688172043012	0.0	0.0	0.0	0.0	0.0	0.0	0.0	0.0	0.010752688172043012	0.0	0.010752688172043012	0.0	0.0	0.021505376344086023	0.021505376344086023	0.0	0.0	0.010752688172043012	0.0	0.0	0.0	0.0	0.0	0.0	0.0	0.0	0.010752688172043012	0.010752688172043012	0.0	0.0	0.0	0.0	0.0	0.0	0.0	0.0	0.0	0.0	0.010752688172043012	0.0	0.0	0.0	0.0	0.0	0.0	0.010752688172043012	0.03225806451612903	0.010752688172043012	0.0	0.0	0.0	0.0	0	0.0	0.010752688172043012	0.0	0.0	0.0	0.0	0.0	0.010752688172043012	0.0	0.0	0.0	0.0	0.0	0.0	0.010752688172043012	0.0	0.010752688172043012	0.0	0.0	0.0	0.0	0.0	0.010752688172043012	0.0	0.0	0.021505376344086023	0.021505376344086023	0.010752688172043012	0.010752688172043012	0.03225806451612903	0.0	0.0	0.0	0.010752688172043012	0.0	0.0	0.0	0.010752688172043012	0.03225806451612903	0.0	0.0	0.010752688172043012	0.010752688172043012	0.0	0.0	0.0	0.0	0.0	0.0	0.0	0.0	0.010752688172043012	0.0	0.0	0.0	0.0	0.0	0.0	0.0	0.0	0.010752688172043012	0.0	0.0	0.010752688172043012	0.0	0.010752688172043012	0.010752688172043012	0.0	0.0	0.010752688172043012	0.0	0.010752688172043012	0.0	0.0	0.03225806451612903	0.0	0.010752688172043012	0.021505376344086023	0.0	0.0	0.0	0.0	0.010752688172043012	0.010752688172043012	0.021505376344086023	0.0	0.03225806451612903	0.0	0.010752688172043012	0.010752688172043012	1
Spy_sRNA1786666	-25.0	-10	0	-268	1	262	0	0.012195121951219513	0.012195121951219513	0.036585365853658534	0.0	0.0	0.0	0.0	0.024390243902439025	0.0	0.012195121951219513	0.024390243902439025	0.0	0.0	0.0	0.0	0.0	0.0	0.0	0.0	0.0	0.0	0.0	0.0	0.012195121951219513	0.0	0.012195121951219513	0.0	0.0	0.012195121951219513	0.012195121951219513	0.0	0.0	0.0	0.0	0.0	0.0	0.0	0.0	0.012195121951219513	0.0	0.012195121951219513	0.0	0.0	0.012195121951219513	0.012195121951219513	0.0	0.0	0.012195121951219513	0.0	0.0	0.0	0.0	0.0	0.0	0.0	0.0	0.0	0.0	0.0	0.0	0.0	0.0	0.012195121951219513	0.012195121951219513	0.0	0.0	0.0	0.0	0.0	0.012195121951219513	0.0	0.0	0.0	0.0	0.0	0.0	0.0	0.0	0.0	0.012195121951219513	0.0	0.0	0.0	0.0	0.0	0.0	0.0	0.0	0.0	0.0	0.0	0.0	0.0	0.0	0.024390243902439025	0.0	0.0	0.0	0.0	0.0	0.0	0.0	0.0	0.012195121951219513	0.0	0.0	0.0	0.0	0.012195121951219513	0.0	0.0	0.0	0.0	0.012195121951219513	0.012195121951219513	0.0	0.012195121951219513	0.0	0.0	0.0	0.012195121951219513	0.012195121951219513	0.0	0.012195121951219513	0.0	0.0	0.012195121951219513	0.012195121951219513	0.0	0.012195121951219513	0.0	0.0	0.0	0.012195121951219513	0.0	0.0	0.0	0.0	0.0	0.0	0.0	0.0	0.0	0.0	0.0	0.0	0.0	0.0	0.0	0.0	0.0	0.012195121951219513	0.0	0.0	0.0	0.012195121951219513	0.012195121951219513	0.0	0.012195121951219513	0.0	0.0	0.012195121951219513	0.0	0.0	0.0	0	0.0	0.0	0.0	0.0	0.0	0.0	0.0	0.012195121951219513	0.0	0.0	0.024390243902439025	0.0	0.012195121951219513	0.012195121951219513	0.0	0.0	0.0	0.012195121951219513	0.0	0.0	0.0	0.012195121951219513	0.0	0.024390243902439025	0.0	0.0	0.04878048780487805	0.0	0.0	0.0	0.0	0.0	0.012195121951219513	0.0	0.0	0.0	0.0	0.024390243902439025	0.0	0.0	0.0	0.012195121951219513	0.0	0.012195121951219513	0.0	0.012195121951219513	0.0	0.0	0.0	0.0	0.0	0.0	0.0	0.0	0.0	0.0	0.0	0.024390243902439025	0.012195121951219513	0.0	0.0	0.0	0.0	0.012195121951219513	0.0	0.012195121951219513	0.0	0.0	0.0	0.0	0.024390243902439025	0.0	0.012195121951219513	0.012195121951219513	0.012195121951219513	0.0	0.0	0.0	0.012195121951219513	0.0	0.0	0.012195121951219513	0.0	0.012195121951219513	0.0	0.024390243902439025	0.012195121951219513	0.0	0.012195121951219513	0.04878048780487805	1
Spy_sRNA1842269	-10.7	0	1000	-209	1	126	0	0.012195121951219513	0.0	0.012195121951219513	0.036585365853658534	0.024390243902439025	0.0	0.0	0.0	0.012195121951219513	0.012195121951219513	0.012195121951219513	0.0	0.0	0.012195121951219513	0.012195121951219513	0.012195121951219513	0.012195121951219513	0.0	0.012195121951219513	0.0	0.0	0.0	0.0	0.0	0.0	0.0	0.0	0.0	0.0	0.0	0.0	0.0	0.024390243902439025	0.0	0.036585365853658534	0.0	0.0	0.0	0.0	0.012195121951219513	0.0	0.0	0.0	0.012195121951219513	0.012195121951219513	0.0	0.012195121951219513	0.012195121951219513	0.012195121951219513	0.0	0.0	0.0	0.0	0.0	0.0	0.012195121951219513	0.0	0.0	0.012195121951219513	0.012195121951219513	0.012195121951219513	0.012195121951219513	0.0	0.0	0.0	0.012195121951219513	0.012195121951219513	0.0	0.0	0.0	0.0	0.0	0.012195121951219513	0.0	0.0	0.0	0.0	0.0	0.012195121951219513	0.0	0.0	0.0	0.0	0.0	0.0	0.0	0.0	0.0	0.0	0.0	0.0	0.0	0.0	0.0	0.0	0.0	0.0	0.0	0.0	0.0	0.0	0.0	0.0	0.0	0.0	0.0	0.0	0.0	0.0	0.0	0.0	0.0	0.024390243902439025	0.0	0.0	0.0	0.0	0.0	0.0	0.0	0.0	0.0	0.0	0.0	0.0	0.0	0.0	0.012195121951219513	0.024390243902439025	0.0	0.012195121951219513	0.0	0.0	0.0	0.0	0.0	0.012195121951219513	0.0	0.0	0.024390243902439025	0.0	0.0	0.0	0.0	0.012195121951219513	0.0	0.0	0.0	0.0	0.0	0.0	0.0	0.0	0.0	0.0	0.0	0.012195121951219513	0.0	0.0	0.0	0.0	0.0	0.0	0.0	0.0	0	0.0	0.0	0.0	0.0	0.0	0.0	0.0	0.0	0.024390243902439025	0.012195121951219513	0.0	0.0	0.0	0.012195121951219513	0.0	0.0	0.0	0.0	0.012195121951219513	0.012195121951219513	0.012195121951219513	0.0	0.012195121951219513	0.0	0.012195121951219513	0.012195121951219513	0.024390243902439025	0.012195121951219513	0.0	0.0	0.0	0.0	0.0	0.0	0.024390243902439025	0.0	0.0	0.012195121951219513	0.0	0.0	0.0	0.012195121951219513	0.0	0.0	0.0	0.012195121951219513	0.0	0.0	0.0	0.0	0.0	0.0	0.0	0.0	0.012195121951219513	0.0	0.0	0.012195121951219513	0.012195121951219513	0.0	0.0	0.0	0.012195121951219513	0.0	0.0	0.0	0.0	0.0	0.0	0.024390243902439025	0.0	0.0	0.0	0.012195121951219513	0.0	0.0	0.036585365853658534	0.0	0.012195121951219513	0.0	0.0	0.012195121951219513	0.0	0.0	0.012195121951219513	0.0	0.012195121951219513	0.012195121951219513	0.0	0.036585365853658534	1
