	SS	PromoterDistance	DistTerm	Distance	sameStrand	DownDistance	sameDownStrand	AAA	AAC	AAG	AAT	ACA	ACC	ACG	ACT	AGA	AGC	AGG	AGT	ATA	ATC	ATG	ATT	CAA	CAC	CAG	CAT	CCA	CCC	CCG	CCT	CGA	CGC	CGG	CGT	CTA	CTC	CTG	CTT	GAA	GAC	GAG	GAT	GCA	GCC	GCG	GCT	GGA	GGC	GGG	GGT	GTA	GTC	GTG	GTT	TAA	TAC	TAG	TAT	TCA	TCC	TCG	TCT	TGA	TGC	TGG	TGT	TTA	TTC	TTG	TTT	Class
sRNA00747	-56.6	0	1000	-18	1	0	1	0.0	0.012121212121212121	0.0	0.006060606060606061	0.0	0.01818181818181818	0.024242424242424242	0.006060606060606061	0.0	0.012121212121212121	0.01818181818181818	0.006060606060606061	0.0	0.030303030303030304	0.012121212121212121	0.0	0.006060606060606061	0.0	0.012121212121212121	0.012121212121212121	0.006060606060606061	0.006060606060606061	0.04242424242424243	0.012121212121212121	0.030303030303030304	0.030303030303030304	0.03636363636363636	0.024242424242424242	0.0	0.012121212121212121	0.03636363636363636	0.012121212121212121	0.012121212121212121	0.01818181818181818	0.024242424242424242	0.030303030303030304	0.01818181818181818	0.024242424242424242	0.030303030303030304	0.012121212121212121	0.024242424242424242	0.030303030303030304	0.024242424242424242	0.030303030303030304	0.0	0.01818181818181818	0.03636363636363636	0.01818181818181818	0.0	0.01818181818181818	0.0	0.0	0.006060606060606061	0.01818181818181818	0.024242424242424242	0.030303030303030304	0.030303030303030304	0.012121212121212121	0.030303030303030304	0.012121212121212121	0.012121212121212121	0.01818181818181818	0.0	0.012121212121212121	1
sRNA00798	-78.5	-1000	0	-24	1	0	1	0.009852216748768473	0.014778325123152709	0.03940886699507389	0.0	0.019704433497536946	0.014778325123152709	0.014778325123152709	0.0049261083743842365	0.0049261083743842365	0.029556650246305417	0.019704433497536946	0.0049261083743842365	0.0	0.009852216748768473	0.034482758620689655	0.0	0.019704433497536946	0.0	0.0	0.014778325123152709	0.0	0.019704433497536946	0.04926108374384237	0.019704433497536946	0.04433497536945813	0.034482758620689655	0.03940886699507389	0.009852216748768473	0.0049261083743842365	0.014778325123152709	0.014778325123152709	0.009852216748768473	0.029556650246305417	0.034482758620689655	0.019704433497536946	0.029556650246305417	0.009852216748768473	0.04433497536945813	0.034482758620689655	0.014778325123152709	0.019704433497536946	0.034482758620689655	0.024630541871921183	0.019704433497536946	0.0049261083743842365	0.019704433497536946	0.009852216748768473	0.0	0.0049261083743842365	0.0049261083743842365	0.0	0.0	0.0049261083743842365	0.009852216748768473	0.034482758620689655	0.0049261083743842365	0.03940886699507389	0.0049261083743842365	0.014778325123152709	0.0	0.0	0.009852216748768473	0.0	0.0	1
sRNA00123	-34.1	-1000	739	-77	1	0	1	0.0425531914893617	0.03546099290780142	0.04964539007092199	0.0	0.014184397163120567	0.014184397163120567	0.0425531914893617	0.0	0.0070921985815602835	0.02127659574468085	0.02127659574468085	0.0070921985815602835	0.0	0.0	0.0070921985815602835	0.02127659574468085	0.02127659574468085	0.02127659574468085	0.0	0.0070921985815602835	0.0	0.0	0.0425531914893617	0.0	0.02127659574468085	0.014184397163120567	0.0425531914893617	0.028368794326241134	0.0	0.0	0.014184397163120567	0.0070921985815602835	0.05673758865248227	0.014184397163120567	0.0070921985815602835	0.0070921985815602835	0.028368794326241134	0.014184397163120567	0.014184397163120567	0.014184397163120567	0.04964539007092199	0.02127659574468085	0.014184397163120567	0.014184397163120567	0.0070921985815602835	0.014184397163120567	0.0070921985815602835	0.028368794326241134	0.0070921985815602835	0.0	0.0	0.0070921985815602835	0.0070921985815602835	0.014184397163120567	0.014184397163120567	0.0070921985815602835	0.0070921985815602835	0.014184397163120567	0.02127659574468085	0.0070921985815602835	0.0070921985815602835	0.028368794326241134	0.02127659574468085	0.02127659574468085	1
sRNA00822	-43.8	-1000	1000	-38	1	153	0	0.0	0.0	0.012048192771084338	0.0	0.0	0.012048192771084338	0.0	0.012048192771084338	0.012048192771084338	0.012048192771084338	0.024096385542168676	0.012048192771084338	0.0	0.012048192771084338	0.0	0.012048192771084338	0.012048192771084338	0.024096385542168676	0.024096385542168676	0.0	0.03614457831325301	0.03614457831325301	0.024096385542168676	0.024096385542168676	0.0	0.04819277108433735	0.04819277108433735	0.012048192771084338	0.0	0.012048192771084338	0.012048192771084338	0.024096385542168676	0.0	0.0	0.012048192771084338	0.024096385542168676	0.012048192771084338	0.024096385542168676	0.060240963855421686	0.012048192771084338	0.024096385542168676	0.0	0.012048192771084338	0.060240963855421686	0.0	0.024096385542168676	0.024096385542168676	0.03614457831325301	0.0	0.0	0.0	0.0	0.012048192771084338	0.04819277108433735	0.024096385542168676	0.0	0.0	0.04819277108433735	0.012048192771084338	0.0	0.0	0.03614457831325301	0.03614457831325301	0.0	1
sRNA00142	-28.1	0	1000	-138	0	0	1	0.006993006993006993	0.0	0.02097902097902098	0.02097902097902098	0.0	0.03496503496503497	0.013986013986013986	0.0	0.013986013986013986	0.006993006993006993	0.02097902097902098	0.0	0.0	0.006993006993006993	0.02097902097902098	0.013986013986013986	0.006993006993006993	0.006993006993006993	0.013986013986013986	0.006993006993006993	0.006993006993006993	0.0	0.03496503496503497	0.013986013986013986	0.04195804195804196	0.04195804195804196	0.055944055944055944	0.013986013986013986	0.006993006993006993	0.02097902097902098	0.0	0.006993006993006993	0.03496503496503497	0.03496503496503497	0.006993006993006993	0.02097902097902098	0.02097902097902098	0.013986013986013986	0.06293706293706294	0.013986013986013986	0.02097902097902098	0.04895104895104895	0.04895104895104895	0.027972027972027972	0.0	0.02097902097902098	0.02097902097902098	0.0	0.0	0.006993006993006993	0.0	0.0	0.006993006993006993	0.006993006993006993	0.04195804195804196	0.006993006993006993	0.013986013986013986	0.013986013986013986	0.02097902097902098	0.0	0.0	0.013986013986013986	0.006993006993006993	0.0	1
sRNA00848	-26.1	-989	1000	-70	0	251	0	0.0	0.0	0.014285714285714285	0.014285714285714285	0.0	0.02857142857142857	0.0	0.0	0.02857142857142857	0.02857142857142857	0.02857142857142857	0.014285714285714285	0.0	0.0	0.014285714285714285	0.0	0.0	0.014285714285714285	0.02857142857142857	0.0	0.0	0.02857142857142857	0.05714285714285714	0.04285714285714286	0.0	0.04285714285714286	0.04285714285714286	0.014285714285714285	0.0	0.02857142857142857	0.0	0.02857142857142857	0.02857142857142857	0.02857142857142857	0.04285714285714286	0.0	0.014285714285714285	0.04285714285714286	0.04285714285714286	0.014285714285714285	0.02857142857142857	0.04285714285714286	0.05714285714285714	0.0	0.0	0.014285714285714285	0.014285714285714285	0.0	0.0	0.0	0.0	0.0	0.02857142857142857	0.02857142857142857	0.0	0.0	0.04285714285714286	0.0	0.0	0.0	0.0	0.014285714285714285	0.014285714285714285	0.0	1
sRNA00850	-32.7	-1000	1000	0	0	0	0	0.0	0.0	0.020202020202020204	0.0	0.010101010101010102	0.010101010101010102	0.010101010101010102	0.0	0.010101010101010102	0.020202020202020204	0.020202020202020204	0.020202020202020204	0.0	0.020202020202020204	0.020202020202020204	0.0	0.0	0.020202020202020204	0.04040404040404041	0.010101010101010102	0.020202020202020204	0.010101010101010102	0.030303030303030304	0.020202020202020204	0.030303030303030304	0.030303030303030304	0.04040404040404041	0.010101010101010102	0.0	0.020202020202020204	0.010101010101010102	0.030303030303030304	0.020202020202020204	0.0	0.020202020202020204	0.030303030303030304	0.030303030303030304	0.050505050505050504	0.020202020202020204	0.030303030303030304	0.020202020202020204	0.030303030303030304	0.010101010101010102	0.010101010101010102	0.0	0.010101010101010102	0.010101010101010102	0.020202020202020204	0.0	0.010101010101010102	0.0	0.0	0.010101010101010102	0.010101010101010102	0.050505050505050504	0.010101010101010102	0.010101010101010102	0.050505050505050504	0.0	0.0	0.0	0.030303030303030304	0.020202020202020204	0.0	1
sRNA00853	-16.8	-510	11	-48	0	0	1	0.006493506493506494	0.012987012987012988	0.032467532467532464	0.006493506493506494	0.025974025974025976	0.012987012987012988	0.01948051948051948	0.012987012987012988	0.006493506493506494	0.012987012987012988	0.025974025974025976	0.0	0.0	0.01948051948051948	0.01948051948051948	0.0	0.032467532467532464	0.006493506493506494	0.006493506493506494	0.012987012987012988	0.012987012987012988	0.006493506493506494	0.03896103896103896	0.012987012987012988	0.05844155844155844	0.05194805194805195	0.01948051948051948	0.01948051948051948	0.006493506493506494	0.025974025974025976	0.012987012987012988	0.01948051948051948	0.01948051948051948	0.045454545454545456	0.006493506493506494	0.012987012987012988	0.006493506493506494	0.045454545454545456	0.03896103896103896	0.025974025974025976	0.0	0.045454545454545456	0.025974025974025976	0.0	0.0	0.01948051948051948	0.0	0.0	0.0	0.006493506493506494	0.0	0.006493506493506494	0.012987012987012988	0.006493506493506494	0.05194805194805195	0.012987012987012988	0.01948051948051948	0.012987012987012988	0.0	0.0	0.0	0.01948051948051948	0.0	0.0	1
sRNA00197	-56.1	-764	32	0	1	183	0	0.013986013986013986	0.006993006993006993	0.006993006993006993	0.013986013986013986	0.0	0.013986013986013986	0.013986013986013986	0.0	0.0	0.013986013986013986	0.006993006993006993	0.0	0.0	0.04195804195804196	0.013986013986013986	0.006993006993006993	0.013986013986013986	0.006993006993006993	0.006993006993006993	0.013986013986013986	0.006993006993006993	0.006993006993006993	0.027972027972027972	0.027972027972027972	0.02097902097902098	0.027972027972027972	0.03496503496503497	0.013986013986013986	0.006993006993006993	0.013986013986013986	0.04195804195804196	0.013986013986013986	0.013986013986013986	0.013986013986013986	0.006993006993006993	0.027972027972027972	0.006993006993006993	0.03496503496503497	0.03496503496503497	0.027972027972027972	0.0	0.04195804195804196	0.027972027972027972	0.027972027972027972	0.0	0.013986013986013986	0.04195804195804196	0.0	0.0	0.0	0.0	0.006993006993006993	0.027972027972027972	0.013986013986013986	0.02097902097902098	0.02097902097902098	0.04195804195804196	0.02097902097902098	0.027972027972027972	0.013986013986013986	0.0	0.013986013986013986	0.006993006993006993	0.02097902097902098	1
sRNA00237	-64.0	0	0	0	1	82	0	0.016853932584269662	0.02247191011235955	0.016853932584269662	0.0	0.0056179775280898875	0.02247191011235955	0.011235955056179775	0.0056179775280898875	0.016853932584269662	0.0056179775280898875	0.016853932584269662	0.011235955056179775	0.0	0.02247191011235955	0.011235955056179775	0.0	0.011235955056179775	0.0056179775280898875	0.02247191011235955	0.011235955056179775	0.02247191011235955	0.011235955056179775	0.05056179775280899	0.011235955056179775	0.028089887640449437	0.02247191011235955	0.06179775280898876	0.011235955056179775	0.0	0.0056179775280898875	0.016853932584269662	0.0056179775280898875	0.028089887640449437	0.016853932584269662	0.011235955056179775	0.02247191011235955	0.011235955056179775	0.05056179775280899	0.033707865168539325	0.011235955056179775	0.016853932584269662	0.056179775280898875	0.016853932584269662	0.02247191011235955	0.0	0.016853932584269662	0.016853932584269662	0.02247191011235955	0.0	0.0	0.0	0.0	0.011235955056179775	0.011235955056179775	0.028089887640449437	0.0056179775280898875	0.016853932584269662	0.02247191011235955	0.016853932584269662	0.0056179775280898875	0.0	0.011235955056179775	0.016853932584269662	0.016853932584269662	1
sRNA00913	-36.6	-1000	1000	0	0	0	0	0.0	0.020618556701030927	0.010309278350515464	0.0	0.0	0.0	0.041237113402061855	0.0	0.010309278350515464	0.0	0.041237113402061855	0.0	0.0	0.030927835051546393	0.010309278350515464	0.0	0.010309278350515464	0.020618556701030927	0.030927835051546393	0.010309278350515464	0.030927835051546393	0.010309278350515464	0.0	0.010309278350515464	0.041237113402061855	0.030927835051546393	0.030927835051546393	0.020618556701030927	0.0	0.0	0.0	0.030927835051546393	0.020618556701030927	0.010309278350515464	0.010309278350515464	0.030927835051546393	0.030927835051546393	0.030927835051546393	0.041237113402061855	0.020618556701030927	0.010309278350515464	0.07216494845360824	0.041237113402061855	0.020618556701030927	0.0	0.020618556701030927	0.030927835051546393	0.0	0.0	0.0	0.0	0.0	0.010309278350515464	0.010309278350515464	0.041237113402061855	0.0	0.010309278350515464	0.020618556701030927	0.030927835051546393	0.010309278350515464	0.0	0.010309278350515464	0.020618556701030927	0.0	1
sRNA00295	-9.9	-1000	31	-1040	1	578	1	0.02564102564102564	0.05128205128205128	0.02564102564102564	0.02564102564102564	0.0	0.05128205128205128	0.0	0.0	0.0	0.0	0.05128205128205128	0.0	0.02564102564102564	0.02564102564102564	0.0	0.0	0.05128205128205128	0.0	0.02564102564102564	0.0	0.0	0.07692307692307693	0.05128205128205128	0.05128205128205128	0.0	0.05128205128205128	0.0	0.0	0.0	0.0	0.05128205128205128	0.0	0.02564102564102564	0.0	0.0	0.0	0.05128205128205128	0.05128205128205128	0.0	0.0	0.0	0.02564102564102564	0.0	0.02564102564102564	0.0	0.0	0.0	0.02564102564102564	0.02564102564102564	0.0	0.0	0.0	0.02564102564102564	0.02564102564102564	0.0	0.0	0.02564102564102564	0.02564102564102564	0.0	0.0	0.0	0.02564102564102564	0.0	0.0	1
sRNA00385	-46.3	-1000	33	-208	1	101	0	0.015957446808510637	0.005319148936170213	0.015957446808510637	0.010638297872340425	0.015957446808510637	0.005319148936170213	0.015957446808510637	0.005319148936170213	0.005319148936170213	0.010638297872340425	0.026595744680851064	0.005319148936170213	0.0	0.0	0.026595744680851064	0.005319148936170213	0.02127659574468085	0.0	0.02127659574468085	0.010638297872340425	0.005319148936170213	0.005319148936170213	0.015957446808510637	0.010638297872340425	0.015957446808510637	0.02127659574468085	0.047872340425531915	0.02127659574468085	0.0	0.010638297872340425	0.0425531914893617	0.010638297872340425	0.015957446808510637	0.031914893617021274	0.010638297872340425	0.010638297872340425	0.026595744680851064	0.015957446808510637	0.047872340425531915	0.03723404255319149	0.010638297872340425	0.047872340425531915	0.015957446808510637	0.031914893617021274	0.005319148936170213	0.02127659574468085	0.02127659574468085	0.015957446808510637	0.0	0.005319148936170213	0.0	0.0	0.005319148936170213	0.010638297872340425	0.026595744680851064	0.010638297872340425	0.03723404255319149	0.047872340425531915	0.015957446808510637	0.005319148936170213	0.0	0.02127659574468085	0.010638297872340425	0.005319148936170213	1
sRNA00389	-43.3	-1000	888	0	1	0	1	0.0	0.0	0.017241379310344827	0.0	0.0	0.017241379310344827	0.05172413793103448	0.0	0.008620689655172414	0.02586206896551724	0.034482758620689655	0.0	0.0	0.017241379310344827	0.017241379310344827	0.008620689655172414	0.0	0.008620689655172414	0.008620689655172414	0.008620689655172414	0.0	0.017241379310344827	0.02586206896551724	0.034482758620689655	0.08620689655172414	0.07758620689655173	0.008620689655172414	0.0	0.0	0.0	0.034482758620689655	0.008620689655172414	0.008620689655172414	0.0603448275862069	0.04310344827586207	0.034482758620689655	0.02586206896551724	0.04310344827586207	0.08620689655172414	0.008620689655172414	0.034482758620689655	0.02586206896551724	0.008620689655172414	0.0	0.0	0.0	0.0	0.0	0.0	0.0	0.0	0.0	0.0	0.008620689655172414	0.008620689655172414	0.0	0.017241379310344827	0.034482758620689655	0.017241379310344827	0.0	0.0	0.0	0.017241379310344827	0.0	1
sRNA00397	-53.9	-537	1000	0	1	16	1	0.013986013986013986	0.006993006993006993	0.04195804195804196	0.013986013986013986	0.0	0.006993006993006993	0.02097902097902098	0.0	0.006993006993006993	0.06293706293706294	0.02097902097902098	0.0	0.006993006993006993	0.013986013986013986	0.0	0.013986013986013986	0.02097902097902098	0.0	0.027972027972027972	0.006993006993006993	0.0	0.006993006993006993	0.03496503496503497	0.006993006993006993	0.027972027972027972	0.03496503496503497	0.04195804195804196	0.027972027972027972	0.006993006993006993	0.006993006993006993	0.02097902097902098	0.006993006993006993	0.03496503496503497	0.006993006993006993	0.02097902097902098	0.013986013986013986	0.04895104895104895	0.013986013986013986	0.055944055944055944	0.027972027972027972	0.02097902097902098	0.04895104895104895	0.013986013986013986	0.006993006993006993	0.0	0.013986013986013986	0.02097902097902098	0.0	0.0	0.013986013986013986	0.0	0.0	0.006993006993006993	0.02097902097902098	0.02097902097902098	0.006993006993006993	0.02097902097902098	0.006993006993006993	0.013986013986013986	0.0	0.0	0.02097902097902098	0.0	0.006993006993006993	1
sRNA00446	-60.9	-1000	1000	0	1	1	1	0.013422818791946308	0.0	0.006711409395973154	0.006711409395973154	0.013422818791946308	0.026845637583892617	0.006711409395973154	0.0	0.013422818791946308	0.006711409395973154	0.013422818791946308	0.006711409395973154	0.0	0.013422818791946308	0.026845637583892617	0.0	0.0	0.0	0.013422818791946308	0.020134228187919462	0.0	0.020134228187919462	0.040268456375838924	0.03355704697986577	0.013422818791946308	0.03355704697986577	0.026845637583892617	0.013422818791946308	0.013422818791946308	0.026845637583892617	0.040268456375838924	0.020134228187919462	0.006711409395973154	0.04697986577181208	0.020134228187919462	0.006711409395973154	0.006711409395973154	0.03355704697986577	0.026845637583892617	0.03355704697986577	0.03355704697986577	0.03355704697986577	0.053691275167785234	0.006711409395973154	0.0	0.020134228187919462	0.013422818791946308	0.0	0.006711409395973154	0.0	0.0	0.006711409395973154	0.006711409395973154	0.013422818791946308	0.013422818791946308	0.03355704697986577	0.020134228187919462	0.026845637583892617	0.03355704697986577	0.006711409395973154	0.0	0.006711409395973154	0.013422818791946308	0.0	1
sRNA00470	-21.3	-1000	1000	-117	0	80	1	0.015151515151515152	0.015151515151515152	0.0	0.0	0.0	0.015151515151515152	0.015151515151515152	0.015151515151515152	0.0	0.0	0.015151515151515152	0.015151515151515152	0.015151515151515152	0.0	0.030303030303030304	0.0	0.0	0.0	0.0	0.015151515151515152	0.0	0.015151515151515152	0.015151515151515152	0.06060606060606061	0.015151515151515152	0.045454545454545456	0.015151515151515152	0.0	0.0	0.015151515151515152	0.030303030303030304	0.06060606060606061	0.015151515151515152	0.030303030303030304	0.015151515151515152	0.015151515151515152	0.0	0.06060606060606061	0.030303030303030304	0.0	0.015151515151515152	0.0	0.015151515151515152	0.015151515151515152	0.015151515151515152	0.015151515151515152	0.0	0.015151515151515152	0.0	0.0	0.015151515151515152	0.015151515151515152	0.015151515151515152	0.0	0.0	0.030303030303030304	0.045454545454545456	0.045454545454545456	0.0	0.015151515151515152	0.0	0.015151515151515152	0.045454545454545456	0.06060606060606061	1
sRNA00489	-79.1	-1000	1000	0	1	33	1	0.009900990099009901	0.009900990099009901	0.0297029702970297	0.009900990099009901	0.0049504950495049506	0.024752475247524754	0.01485148514851485	0.0	0.019801980198019802	0.0	0.019801980198019802	0.0049504950495049506	0.0049504950495049506	0.009900990099009901	0.01485148514851485	0.0049504950495049506	0.024752475247524754	0.009900990099009901	0.0	0.009900990099009901	0.0	0.009900990099009901	0.04950495049504951	0.01485148514851485	0.034653465346534656	0.039603960396039604	0.04455445544554455	0.019801980198019802	0.0	0.01485148514851485	0.009900990099009901	0.0049504950495049506	0.024752475247524754	0.024752475247524754	0.009900990099009901	0.01485148514851485	0.0297029702970297	0.024752475247524754	0.04950495049504951	0.0049504950495049506	0.009900990099009901	0.039603960396039604	0.0297029702970297	0.0297029702970297	0.0	0.01485148514851485	0.019801980198019802	0.024752475247524754	0.0	0.0	0.0049504950495049506	0.0	0.009900990099009901	0.01485148514851485	0.024752475247524754	0.009900990099009901	0.01485148514851485	0.0297029702970297	0.009900990099009901	0.0049504950495049506	0.0	0.019801980198019802	0.01485148514851485	0.019801980198019802	1
sRNA01029	-26.0	-1000	269	-313	0	171	1	0.0	0.0	0.0	0.0	0.0196078431372549	0.0	0.0196078431372549	0.0	0.0	0.0	0.0196078431372549	0.0196078431372549	0.0	0.0196078431372549	0.0	0.0	0.0	0.0196078431372549	0.0196078431372549	0.0	0.0	0.0392156862745098	0.058823529411764705	0.0	0.0196078431372549	0.058823529411764705	0.09803921568627451	0.0196078431372549	0.0	0.0	0.0	0.0	0.0	0.0196078431372549	0.0196078431372549	0.0196078431372549	0.0	0.0196078431372549	0.0784313725490196	0.0	0.0196078431372549	0.0392156862745098	0.0196078431372549	0.058823529411764705	0.0	0.0196078431372549	0.0392156862745098	0.0392156862745098	0.0	0.0	0.0	0.0	0.0196078431372549	0.0392156862745098	0.0196078431372549	0.0	0.0196078431372549	0.0	0.0196078431372549	0.0	0.0	0.0392156862745098	0.0	0.0196078431372549	1
sRNA01035	-13.8	-1000	1000	-193	1	70	1	0.0	0.01694915254237288	0.0	0.03389830508474576	0.01694915254237288	0.01694915254237288	0.01694915254237288	0.0	0.0	0.0	0.05084745762711865	0.0	0.01694915254237288	0.03389830508474576	0.0	0.03389830508474576	0.01694915254237288	0.01694915254237288	0.01694915254237288	0.01694915254237288	0.01694915254237288	0.06779661016949153	0.03389830508474576	0.01694915254237288	0.0	0.01694915254237288	0.01694915254237288	0.01694915254237288	0.01694915254237288	0.0	0.01694915254237288	0.0	0.01694915254237288	0.0	0.01694915254237288	0.01694915254237288	0.01694915254237288	0.03389830508474576	0.0	0.01694915254237288	0.03389830508474576	0.03389830508474576	0.05084745762711865	0.01694915254237288	0.0	0.0	0.03389830508474576	0.0	0.03389830508474576	0.01694915254237288	0.01694915254237288	0.0	0.01694915254237288	0.01694915254237288	0.0	0.0	0.01694915254237288	0.01694915254237288	0.01694915254237288	0.0	0.03389830508474576	0.0	0.0	0.0	1
sRNA00508	-33.2	-1000	1000	-119	1	315	1	0.03409090909090909	0.011363636363636364	0.022727272727272728	0.022727272727272728	0.0	0.0	0.022727272727272728	0.011363636363636364	0.0	0.022727272727272728	0.022727272727272728	0.0	0.011363636363636364	0.022727272727272728	0.011363636363636364	0.0	0.022727272727272728	0.011363636363636364	0.011363636363636364	0.011363636363636364	0.03409090909090909	0.045454545454545456	0.056818181818181816	0.0	0.0	0.045454545454545456	0.045454545454545456	0.011363636363636364	0.0	0.0	0.011363636363636364	0.0	0.022727272727272728	0.0	0.0	0.0	0.022727272727272728	0.06818181818181818	0.022727272727272728	0.0	0.011363636363636364	0.03409090909090909	0.022727272727272728	0.045454545454545456	0.022727272727272728	0.0	0.045454545454545456	0.011363636363636364	0.011363636363636364	0.011363636363636364	0.011363636363636364	0.0	0.011363636363636364	0.022727272727272728	0.0	0.0	0.011363636363636364	0.011363636363636364	0.022727272727272728	0.022727272727272728	0.0	0.011363636363636364	0.0	0.0	1
sRNA00521	-43.6	-12	216	-60	0	0	1	0.014598540145985401	0.014598540145985401	0.021897810218978103	0.014598540145985401	0.0072992700729927005	0.014598540145985401	0.0072992700729927005	0.0072992700729927005	0.0	0.0072992700729927005	0.029197080291970802	0.0072992700729927005	0.0072992700729927005	0.0	0.014598540145985401	0.0	0.021897810218978103	0.0072992700729927005	0.014598540145985401	0.0	0.021897810218978103	0.043795620437956206	0.029197080291970802	0.014598540145985401	0.0364963503649635	0.06569343065693431	0.029197080291970802	0.0072992700729927005	0.0	0.0	0.029197080291970802	0.014598540145985401	0.029197080291970802	0.0072992700729927005	0.0072992700729927005	0.0072992700729927005	0.0072992700729927005	0.0364963503649635	0.08759124087591241	0.021897810218978103	0.0072992700729927005	0.0364963503649635	0.021897810218978103	0.021897810218978103	0.0	0.021897810218978103	0.0	0.021897810218978103	0.0	0.0	0.0	0.0	0.0072992700729927005	0.014598540145985401	0.014598540145985401	0.0	0.0072992700729927005	0.043795620437956206	0.0072992700729927005	0.0072992700729927005	0.0	0.014598540145985401	0.021897810218978103	0.021897810218978103	1
sRNA00526	-36.2	-1000	1000	-64	1	475	1	0.012195121951219513	0.036585365853658534	0.024390243902439025	0.0	0.012195121951219513	0.012195121951219513	0.024390243902439025	0.012195121951219513	0.012195121951219513	0.0	0.012195121951219513	0.012195121951219513	0.0	0.0	0.0	0.012195121951219513	0.024390243902439025	0.012195121951219513	0.012195121951219513	0.0	0.012195121951219513	0.04878048780487805	0.04878048780487805	0.024390243902439025	0.0	0.012195121951219513	0.07317073170731707	0.012195121951219513	0.0	0.012195121951219513	0.036585365853658534	0.0	0.036585365853658534	0.012195121951219513	0.0	0.012195121951219513	0.012195121951219513	0.04878048780487805	0.012195121951219513	0.012195121951219513	0.036585365853658534	0.04878048780487805	0.036585365853658534	0.012195121951219513	0.0	0.012195121951219513	0.024390243902439025	0.024390243902439025	0.0	0.0	0.0	0.0	0.012195121951219513	0.024390243902439025	0.012195121951219513	0.0	0.012195121951219513	0.024390243902439025	0.012195121951219513	0.012195121951219513	0.0	0.024390243902439025	0.012195121951219513	0.0	1
sRNA01077	-68.9	-1000	0	-43	1	510	1	0.010416666666666666	0.005208333333333333	0.03125	0.0	0.015625	0.020833333333333332	0.026041666666666668	0.0	0.057291666666666664	0.036458333333333336	0.020833333333333332	0.010416666666666666	0.005208333333333333	0.015625	0.005208333333333333	0.0	0.020833333333333332	0.015625	0.052083333333333336	0.010416666666666666	0.010416666666666666	0.026041666666666668	0.03125	0.005208333333333333	0.03125	0.041666666666666664	0.041666666666666664	0.005208333333333333	0.0	0.010416666666666666	0.0	0.005208333333333333	0.015625	0.036458333333333336	0.041666666666666664	0.015625	0.052083333333333336	0.010416666666666666	0.052083333333333336	0.010416666666666666	0.020833333333333332	0.046875	0.015625	0.010416666666666666	0.0	0.005208333333333333	0.010416666666666666	0.010416666666666666	0.0	0.005208333333333333	0.0	0.0	0.015625	0.015625	0.010416666666666666	0.0	0.0	0.0	0.015625	0.0	0.0	0.010416666666666666	0.0	0.005208333333333333	1
sRNA00544	-46.7	-1000	1000	0	1	19	1	0.024193548387096774	0.008064516129032258	0.024193548387096774	0.024193548387096774	0.008064516129032258	0.016129032258064516	0.024193548387096774	0.0	0.024193548387096774	0.0	0.0	0.016129032258064516	0.008064516129032258	0.056451612903225805	0.04032258064516129	0.0	0.016129032258064516	0.016129032258064516	0.0	0.03225806451612903	0.016129032258064516	0.024193548387096774	0.008064516129032258	0.016129032258064516	0.03225806451612903	0.008064516129032258	0.024193548387096774	0.016129032258064516	0.0	0.008064516129032258	0.024193548387096774	0.008064516129032258	0.03225806451612903	0.024193548387096774	0.016129032258064516	0.04032258064516129	0.016129032258064516	0.0	0.008064516129032258	0.016129032258064516	0.016129032258064516	0.024193548387096774	0.024193548387096774	0.008064516129032258	0.008064516129032258	0.024193548387096774	0.008064516129032258	0.008064516129032258	0.008064516129032258	0.0	0.0	0.0	0.024193548387096774	0.024193548387096774	0.04032258064516129	0.008064516129032258	0.04032258064516129	0.008064516129032258	0.024193548387096774	0.008064516129032258	0.0	0.008064516129032258	0.008064516129032258	0.0	1
sRNA01109	-22.5	-1000	1000	0	1	196	0	0.024096385542168676	0.0	0.024096385542168676	0.024096385542168676	0.012048192771084338	0.03614457831325301	0.012048192771084338	0.0	0.024096385542168676	0.03614457831325301	0.012048192771084338	0.0	0.012048192771084338	0.0	0.03614457831325301	0.0	0.0	0.0	0.024096385542168676	0.012048192771084338	0.0	0.012048192771084338	0.024096385542168676	0.024096385542168676	0.060240963855421686	0.03614457831325301	0.024096385542168676	0.0	0.0	0.012048192771084338	0.012048192771084338	0.012048192771084338	0.04819277108433735	0.03614457831325301	0.024096385542168676	0.012048192771084338	0.024096385542168676	0.012048192771084338	0.04819277108433735	0.012048192771084338	0.0	0.024096385542168676	0.0	0.04819277108433735	0.0	0.024096385542168676	0.024096385542168676	0.0	0.0	0.024096385542168676	0.0	0.0	0.0	0.0	0.03614457831325301	0.0	0.024096385542168676	0.012048192771084338	0.03614457831325301	0.0	0.012048192771084338	0.0	0.0	0.012048192771084338	1
sRNA01128	-33.4	-1000	1000	0	0	0	0	0.009523809523809525	0.0	0.0	0.02857142857142857	0.0	0.009523809523809525	0.01904761904761905	0.0	0.0	0.009523809523809525	0.0	0.0	0.009523809523809525	0.02857142857142857	0.0380952380952381	0.0	0.009523809523809525	0.0	0.0	0.009523809523809525	0.0	0.01904761904761905	0.0380952380952381	0.0	0.02857142857142857	0.047619047619047616	0.06666666666666667	0.01904761904761905	0.0	0.0	0.009523809523809525	0.0	0.01904761904761905	0.02857142857142857	0.009523809523809525	0.02857142857142857	0.01904761904761905	0.01904761904761905	0.06666666666666667	0.009523809523809525	0.0380952380952381	0.02857142857142857	0.02857142857142857	0.02857142857142857	0.0	0.02857142857142857	0.047619047619047616	0.009523809523809525	0.0	0.0	0.0	0.009523809523809525	0.0	0.009523809523809525	0.047619047619047616	0.0	0.01904761904761905	0.02857142857142857	0.02857142857142857	0.0380952380952381	0.0	0.0	0.009523809523809525	0.0	1
sRNA01129	-35.8	-1000	581	-142	1	154	0	0.029411764705882353	0.029411764705882353	0.014705882352941176	0.0	0.014705882352941176	0.014705882352941176	0.014705882352941176	0.0	0.0	0.04411764705882353	0.0	0.014705882352941176	0.0	0.0	0.0	0.0	0.014705882352941176	0.014705882352941176	0.04411764705882353	0.0	0.029411764705882353	0.08823529411764706	0.029411764705882353	0.0	0.0	0.04411764705882353	0.08823529411764706	0.014705882352941176	0.0	0.0	0.014705882352941176	0.0	0.029411764705882353	0.0	0.0	0.0	0.014705882352941176	0.04411764705882353	0.058823529411764705	0.029411764705882353	0.014705882352941176	0.058823529411764705	0.04411764705882353	0.014705882352941176	0.0	0.014705882352941176	0.0	0.029411764705882353	0.0	0.0	0.0	0.0	0.014705882352941176	0.0	0.029411764705882353	0.0	0.014705882352941176	0.0	0.0	0.0	0.0	0.029411764705882353	0.0	0.0	1
sRNA01135	-75.1	-1000	0	-14	0	0	1	0.005025125628140704	0.010050251256281407	0.05527638190954774	0.01507537688442211	0.010050251256281407	0.03015075376884422	0.01507537688442211	0.010050251256281407	0.035175879396984924	0.005025125628140704	0.020100502512562814	0.005025125628140704	0.010050251256281407	0.020100502512562814	0.02512562814070352	0.0	0.04020100502512563	0.020100502512562814	0.005025125628140704	0.005025125628140704	0.010050251256281407	0.01507537688442211	0.035175879396984924	0.010050251256281407	0.01507537688442211	0.01507537688442211	0.035175879396984924	0.02512562814070352	0.005025125628140704	0.005025125628140704	0.005025125628140704	0.020100502512562814	0.035175879396984924	0.03015075376884422	0.005025125628140704	0.02512562814070352	0.035175879396984924	0.01507537688442211	0.020100502512562814	0.0	0.010050251256281407	0.035175879396984924	0.03015075376884422	0.010050251256281407	0.005025125628140704	0.020100502512562814	0.01507537688442211	0.005025125628140704	0.005025125628140704	0.005025125628140704	0.0	0.010050251256281407	0.01507537688442211	0.010050251256281407	0.020100502512562814	0.01507537688442211	0.03015075376884422	0.01507537688442211	0.0	0.005025125628140704	0.0	0.01507537688442211	0.010050251256281407	0.010050251256281407	1
sRNA01139	-22.1	-1000	892	-178	1	470	1	0.02127659574468085	0.010638297872340425	0.0	0.02127659574468085	0.02127659574468085	0.031914893617021274	0.0	0.0	0.02127659574468085	0.0	0.0425531914893617	0.0	0.0	0.02127659574468085	0.010638297872340425	0.0	0.02127659574468085	0.0	0.0425531914893617	0.010638297872340425	0.02127659574468085	0.031914893617021274	0.0425531914893617	0.0	0.0	0.031914893617021274	0.0425531914893617	0.0	0.0	0.0	0.010638297872340425	0.031914893617021274	0.010638297872340425	0.031914893617021274	0.02127659574468085	0.0	0.02127659574468085	0.0	0.0425531914893617	0.031914893617021274	0.02127659574468085	0.05319148936170213	0.0425531914893617	0.031914893617021274	0.0	0.02127659574468085	0.010638297872340425	0.010638297872340425	0.0	0.010638297872340425	0.0	0.0	0.010638297872340425	0.031914893617021274	0.0	0.010638297872340425	0.02127659574468085	0.010638297872340425	0.02127659574468085	0.0	0.010638297872340425	0.010638297872340425	0.02127659574468085	0.0	1
sRNA01140	-10.5	-1000	1000	-408	1	284	1	0.04	0.04	0.02	0.0	0.04	0.02	0.02	0.0	0.06	0.02	0.02	0.0	0.0	0.0	0.0	0.0	0.0	0.02	0.04	0.0	0.02	0.04	0.04	0.0	0.0	0.06	0.04	0.0	0.0	0.0	0.0	0.02	0.06	0.02	0.04	0.0	0.0	0.04	0.04	0.02	0.0	0.0	0.06	0.04	0.0	0.0	0.04	0.0	0.0	0.0	0.0	0.0	0.0	0.0	0.0	0.0	0.04	0.02	0.0	0.0	0.0	0.0	0.02	0.0	1
sRNA01141	-37.4	-1000	1000	-506	1	159	1	0.012987012987012988	0.0	0.025974025974025976	0.0	0.0	0.025974025974025976	0.0	0.012987012987012988	0.012987012987012988	0.025974025974025976	0.012987012987012988	0.012987012987012988	0.025974025974025976	0.0	0.012987012987012988	0.0	0.0	0.0	0.0	0.012987012987012988	0.012987012987012988	0.012987012987012988	0.06493506493506493	0.012987012987012988	0.012987012987012988	0.025974025974025976	0.07792207792207792	0.012987012987012988	0.0	0.03896103896103896	0.012987012987012988	0.0	0.025974025974025976	0.03896103896103896	0.012987012987012988	0.025974025974025976	0.0	0.025974025974025976	0.05194805194805195	0.025974025974025976	0.06493506493506493	0.05194805194805195	0.012987012987012988	0.0	0.0	0.012987012987012988	0.0	0.012987012987012988	0.0	0.0	0.025974025974025976	0.0	0.0	0.03896103896103896	0.012987012987012988	0.0	0.012987012987012988	0.0	0.012987012987012988	0.0	0.0	0.012987012987012988	0.0	0.03896103896103896	1
sRNA00598	-9.3	-1000	1000	-352	1	41	0	0.0	0.02	0.04	0.0	0.0	0.02	0.02	0.0	0.0	0.08	0.02	0.0	0.0	0.0	0.02	0.0	0.02	0.02	0.04	0.0	0.02	0.06	0.04	0.02	0.04	0.04	0.0	0.0	0.0	0.04	0.0	0.02	0.02	0.0	0.02	0.02	0.04	0.06	0.0	0.02	0.02	0.0	0.02	0.02	0.0	0.04	0.0	0.0	0.0	0.0	0.0	0.0	0.02	0.02	0.02	0.02	0.0	0.0	0.02	0.02	0.0	0.0	0.02	0.0	1
sRNA00616	-24.47	0	1000	0	1	15	1	0.006896551724137931	0.006896551724137931	0.006896551724137931	0.0	0.013793103448275862	0.0	0.020689655172413793	0.0	0.0	0.013793103448275862	0.020689655172413793	0.0	0.0	0.020689655172413793	0.020689655172413793	0.0	0.006896551724137931	0.006896551724137931	0.0	0.0	0.006896551724137931	0.027586206896551724	0.020689655172413793	0.041379310344827586	0.041379310344827586	0.027586206896551724	0.034482758620689655	0.006896551724137931	0.006896551724137931	0.013793103448275862	0.04827586206896552	0.027586206896551724	0.006896551724137931	0.020689655172413793	0.020689655172413793	0.041379310344827586	0.0	0.05517241379310345	0.027586206896551724	0.034482758620689655	0.027586206896551724	0.04827586206896552	0.034482758620689655	0.006896551724137931	0.0	0.013793103448275862	0.0	0.006896551724137931	0.0	0.0	0.006896551724137931	0.0	0.0	0.013793103448275862	0.041379310344827586	0.013793103448275862	0.020689655172413793	0.027586206896551724	0.027586206896551724	0.006896551724137931	0.0	0.020689655172413793	0.013793103448275862	0.013793103448275862	1
sRNA01156	-42.6	-188	1000	-139	1	453	0	0.025210084033613446	0.04201680672268908	0.025210084033613446	0.0	0.01680672268907563	0.03361344537815126	0.01680672268907563	0.0	0.008403361344537815	0.025210084033613446	0.01680672268907563	0.008403361344537815	0.0	0.0	0.0	0.0	0.025210084033613446	0.008403361344537815	0.025210084033613446	0.0	0.0	0.0	0.03361344537815126	0.03361344537815126	0.01680672268907563	0.025210084033613446	0.025210084033613446	0.01680672268907563	0.008403361344537815	0.03361344537815126	0.03361344537815126	0.025210084033613446	0.01680672268907563	0.008403361344537815	0.0	0.0	0.03361344537815126	0.01680672268907563	0.01680672268907563	0.058823529411764705	0.0	0.04201680672268908	0.025210084033613446	0.025210084033613446	0.01680672268907563	0.008403361344537815	0.025210084033613446	0.0	0.025210084033613446	0.01680672268907563	0.008403361344537815	0.0	0.0	0.01680672268907563	0.01680672268907563	0.008403361344537815	0.0	0.03361344537815126	0.025210084033613446	0.0	0.025210084033613446	0.0	0.0	0.0	1
sRNA01157	-6.7	-101	1000	-260	1	366	0	0.011764705882352941	0.011764705882352941	0.0	0.03529411764705882	0.011764705882352941	0.0	0.03529411764705882	0.011764705882352941	0.0	0.011764705882352941	0.011764705882352941	0.011764705882352941	0.0	0.023529411764705882	0.023529411764705882	0.011764705882352941	0.011764705882352941	0.0	0.023529411764705882	0.011764705882352941	0.0	0.0	0.011764705882352941	0.0	0.023529411764705882	0.011764705882352941	0.03529411764705882	0.011764705882352941	0.0	0.023529411764705882	0.011764705882352941	0.011764705882352941	0.03529411764705882	0.023529411764705882	0.0	0.0	0.023529411764705882	0.011764705882352941	0.0	0.011764705882352941	0.011764705882352941	0.0	0.058823529411764705	0.058823529411764705	0.023529411764705882	0.011764705882352941	0.011764705882352941	0.047058823529411764	0.0	0.023529411764705882	0.011764705882352941	0.011764705882352941	0.011764705882352941	0.0	0.023529411764705882	0.023529411764705882	0.023529411764705882	0.03529411764705882	0.023529411764705882	0.011764705882352941	0.023529411764705882	0.0	0.047058823529411764	0.0	1
sRNA01158	-18.7	-13	1000	-370	1	278	0	0.0	0.015873015873015872	0.0	0.015873015873015872	0.0	0.031746031746031744	0.031746031746031744	0.015873015873015872	0.015873015873015872	0.0	0.015873015873015872	0.0	0.0	0.031746031746031744	0.015873015873015872	0.0	0.015873015873015872	0.031746031746031744	0.0	0.0	0.06349206349206349	0.06349206349206349	0.0	0.015873015873015872	0.015873015873015872	0.0	0.047619047619047616	0.0	0.031746031746031744	0.015873015873015872	0.015873015873015872	0.0	0.015873015873015872	0.031746031746031744	0.0	0.015873015873015872	0.0	0.015873015873015872	0.015873015873015872	0.015873015873015872	0.031746031746031744	0.031746031746031744	0.07936507936507936	0.031746031746031744	0.015873015873015872	0.0	0.031746031746031744	0.0	0.0	0.0	0.031746031746031744	0.015873015873015872	0.0	0.031746031746031744	0.015873015873015872	0.0	0.0	0.015873015873015872	0.031746031746031744	0.015873015873015872	0.0	0.0	0.0	0.0	1
sRNA00627	-25.8	-1000	1000	-263	0	59	1	0.0	0.025974025974025976	0.012987012987012988	0.0	0.012987012987012988	0.03896103896103896	0.0	0.0	0.025974025974025976	0.012987012987012988	0.025974025974025976	0.012987012987012988	0.0	0.025974025974025976	0.012987012987012988	0.0	0.0	0.012987012987012988	0.025974025974025976	0.025974025974025976	0.012987012987012988	0.012987012987012988	0.03896103896103896	0.025974025974025976	0.012987012987012988	0.012987012987012988	0.025974025974025976	0.025974025974025976	0.0	0.0	0.03896103896103896	0.012987012987012988	0.03896103896103896	0.012987012987012988	0.025974025974025976	0.012987012987012988	0.025974025974025976	0.0	0.03896103896103896	0.025974025974025976	0.012987012987012988	0.05194805194805195	0.06493506493506493	0.0	0.012987012987012988	0.025974025974025976	0.0	0.0	0.0	0.0	0.012987012987012988	0.0	0.012987012987012988	0.03896103896103896	0.0	0.0	0.03896103896103896	0.012987012987012988	0.012987012987012988	0.0	0.0	0.0	0.012987012987012988	0.012987012987012988	1
sRNA01179	-45.5	-1000	1000	0	1	0	1	0.02027027027027027	0.013513513513513514	0.05405405405405406	0.0	0.013513513513513514	0.02027027027027027	0.02027027027027027	0.006756756756756757	0.0472972972972973	0.013513513513513514	0.02027027027027027	0.013513513513513514	0.0	0.02027027027027027	0.02027027027027027	0.0	0.033783783783783786	0.013513513513513514	0.02027027027027027	0.0	0.013513513513513514	0.006756756756756757	0.013513513513513514	0.02702702702702703	0.02702702702702703	0.04054054054054054	0.02702702702702703	0.006756756756756757	0.0	0.013513513513513514	0.006756756756756757	0.02027027027027027	0.02702702702702703	0.033783783783783786	0.02027027027027027	0.04054054054054054	0.013513513513513514	0.033783783783783786	0.033783783783783786	0.006756756756756757	0.02702702702702703	0.02027027027027027	0.006756756756756757	0.006756756756756757	0.0	0.013513513513513514	0.013513513513513514	0.006756756756756757	0.006756756756756757	0.0	0.0	0.0	0.02027027027027027	0.0	0.04054054054054054	0.0	0.02027027027027027	0.013513513513513514	0.006756756756756757	0.006756756756756757	0.006756756756756757	0.013513513513513514	0.006756756756756757	0.0	1
sRNA00648	-38.3	-6	33	-46	1	105	0	0.006329113924050633	0.012658227848101266	0.0	0.006329113924050633	0.0	0.02531645569620253	0.012658227848101266	0.012658227848101266	0.0	0.006329113924050633	0.012658227848101266	0.006329113924050633	0.006329113924050633	0.012658227848101266	0.0	0.006329113924050633	0.0	0.02531645569620253	0.012658227848101266	0.006329113924050633	0.03164556962025317	0.03164556962025317	0.0189873417721519	0.03164556962025317	0.012658227848101266	0.0189873417721519	0.02531645569620253	0.006329113924050633	0.0	0.0379746835443038	0.05063291139240506	0.02531645569620253	0.012658227848101266	0.006329113924050633	0.012658227848101266	0.006329113924050633	0.006329113924050633	0.0379746835443038	0.012658227848101266	0.0379746835443038	0.012658227848101266	0.04430379746835443	0.02531645569620253	0.012658227848101266	0.006329113924050633	0.006329113924050633	0.012658227848101266	0.012658227848101266	0.006329113924050633	0.006329113924050633	0.0	0.006329113924050633	0.006329113924050633	0.0189873417721519	0.0189873417721519	0.0379746835443038	0.012658227848101266	0.02531645569620253	0.03164556962025317	0.012658227848101266	0.006329113924050633	0.02531645569620253	0.0189873417721519	0.0379746835443038	1
sRNA01208	-72.4	-1000	15	-179	0	0	1	0.02717391304347826	0.02717391304347826	0.021739130434782608	0.016304347826086956	0.005434782608695652	0.016304347826086956	0.021739130434782608	0.005434782608695652	0.0	0.010869565217391304	0.016304347826086956	0.0	0.0	0.043478260869565216	0.010869565217391304	0.0	0.03804347826086957	0.005434782608695652	0.0	0.016304347826086956	0.02717391304347826	0.0	0.02717391304347826	0.021739130434782608	0.02717391304347826	0.03260869565217391	0.043478260869565216	0.02717391304347826	0.005434782608695652	0.010869565217391304	0.02717391304347826	0.010869565217391304	0.02717391304347826	0.010869565217391304	0.005434782608695652	0.021739130434782608	0.005434782608695652	0.05434782608695652	0.03804347826086957	0.010869565217391304	0.021739130434782608	0.05434782608695652	0.005434782608695652	0.005434782608695652	0.0	0.010869565217391304	0.021739130434782608	0.005434782608695652	0.0	0.005434782608695652	0.0	0.0	0.016304347826086956	0.005434782608695652	0.043478260869565216	0.016304347826086956	0.016304347826086956	0.010869565217391304	0.021739130434782608	0.005434782608695652	0.0	0.016304347826086956	0.0	0.0	1
sRNA00687	-35.2	-1000	1000	-514	0	184	1	0.0297029702970297	0.0297029702970297	0.0297029702970297	0.009900990099009901	0.0	0.009900990099009901	0.019801980198019802	0.009900990099009901	0.009900990099009901	0.0297029702970297	0.009900990099009901	0.0	0.0	0.0	0.0297029702970297	0.009900990099009901	0.019801980198019802	0.0	0.009900990099009901	0.009900990099009901	0.0	0.0594059405940594	0.039603960396039604	0.0	0.039603960396039604	0.0297029702970297	0.04950495049504951	0.009900990099009901	0.0	0.0	0.019801980198019802	0.0	0.039603960396039604	0.009900990099009901	0.009900990099009901	0.019801980198019802	0.0297029702970297	0.019801980198019802	0.0594059405940594	0.009900990099009901	0.019801980198019802	0.019801980198019802	0.0297029702970297	0.0297029702970297	0.009900990099009901	0.009900990099009901	0.009900990099009901	0.019801980198019802	0.009900990099009901	0.0	0.0	0.0	0.009900990099009901	0.009900990099009901	0.009900990099009901	0.0	0.009900990099009901	0.039603960396039604	0.009900990099009901	0.009900990099009901	0.0	0.019801980198019802	0.009900990099009901	0.0	1
sRNA00688	-30.4	-1000	42	-114	1	121	1	0.0	0.0	0.0375	0.0	0.0125	0.025	0.025	0.0125	0.025	0.05	0.025	0.0	0.0	0.0	0.0125	0.0125	0.0	0.0125	0.0125	0.0125	0.025	0.025	0.0375	0.0125	0.075	0.0	0.025	0.025	0.0	0.0	0.025	0.0	0.0375	0.0625	0.05	0.0125	0.0	0.0375	0.05	0.0	0.0375	0.025	0.025	0.0	0.0	0.0125	0.025	0.0	0.0	0.0	0.0	0.0	0.0	0.0125	0.0125	0.0	0.025	0.0125	0.0125	0.0	0.0	0.0125	0.0	0.0125	1
sRNA00702	-52.7	-1000	3	0	1	0	1	0.016666666666666666	0.016666666666666666	0.044444444444444446	0.0	0.011111111111111112	0.005555555555555556	0.016666666666666666	0.005555555555555556	0.022222222222222223	0.022222222222222223	0.03888888888888889	0.005555555555555556	0.0	0.016666666666666666	0.005555555555555556	0.005555555555555556	0.044444444444444446	0.005555555555555556	0.027777777777777776	0.005555555555555556	0.005555555555555556	0.005555555555555556	0.044444444444444446	0.005555555555555556	0.022222222222222223	0.07222222222222222	0.0	0.03888888888888889	0.005555555555555556	0.022222222222222223	0.005555555555555556	0.011111111111111112	0.016666666666666666	0.011111111111111112	0.016666666666666666	0.022222222222222223	0.027777777777777776	0.03888888888888889	0.03888888888888889	0.027777777777777776	0.005555555555555556	0.027777777777777776	0.005555555555555556	0.005555555555555556	0.005555555555555556	0.027777777777777776	0.011111111111111112	0.005555555555555556	0.005555555555555556	0.005555555555555556	0.0	0.0	0.03888888888888889	0.011111111111111112	0.03333333333333333	0.005555555555555556	0.016666666666666666	0.011111111111111112	0.0	0.0	0.0	0.016666666666666666	0.005555555555555556	0.0	1
sRNA01285	-27.0	-1000	1000	0	0	0	0	0.0	0.0	0.02	0.0	0.0	0.0	0.01	0.01	0.01	0.03	0.01	0.0	0.0	0.04	0.02	0.0	0.0	0.0	0.01	0.02	0.01	0.02	0.03	0.01	0.05	0.04	0.03	0.02	0.0	0.0	0.01	0.04	0.02	0.02	0.02	0.04	0.02	0.04	0.05	0.02	0.01	0.03	0.0	0.02	0.0	0.01	0.02	0.02	0.0	0.0	0.0	0.0	0.0	0.01	0.05	0.01	0.04	0.03	0.01	0.01	0.0	0.02	0.04	0.0	1
